raw_image,processed_image,aid_mask,id,label,fold
/afs/crc.nd.edu/user/n/nsapkota/BIBM2023/data/HUSHEM/raw/04_Amorphous/image_038_a.BMP,/afs/crc.nd.edu/user/n/nsapkota/BIBM2023/data/HUSHEM/preprocessed/04_Amorphous_clean/head_only/image_038_a.BMP,/afs/crc.nd.edu/user/n/nsapkota/BIBM2023/data/HUSHEM/preprocessed/04_Amorphous_clean/masks/image_038_a.BMP,image_038_a.BMP,3,F2
/afs/crc.nd.edu/user/n/nsapkota/BIBM2023/data/HUSHEM/raw/04_Amorphous/image_050_a.BMP,/afs/crc.nd.edu/user/n/nsapkota/BIBM2023/data/HUSHEM/preprocessed/04_Amorphous_clean/head_only/image_050_a.BMP,/afs/crc.nd.edu/user/n/nsapkota/BIBM2023/data/HUSHEM/preprocessed/04_Amorphous_clean/masks/image_050_a.BMP,image_050_a.BMP,3,F4
/afs/crc.nd.edu/user/n/nsapkota/BIBM2023/data/HUSHEM/raw/03_Pyriform/image_032_p.BMP,/afs/crc.nd.edu/user/n/nsapkota/BIBM2023/data/HUSHEM/preprocessed/03_Pyriform_clean/head_only/image_032_p.BMP,/afs/crc.nd.edu/user/n/nsapkota/BIBM2023/data/HUSHEM/preprocessed/03_Pyriform_clean/masks/image_032_p.BMP,image_032_p.BMP,2,F4
/afs/crc.nd.edu/user/n/nsapkota/BIBM2023/data/HUSHEM/raw/04_Amorphous/image_014_a.BMP,/afs/crc.nd.edu/user/n/nsapkota/BIBM2023/data/HUSHEM/preprocessed/04_Amorphous_clean/head_only/image_014_a.BMP,/afs/crc.nd.edu/user/n/nsapkota/BIBM2023/data/HUSHEM/preprocessed/04_Amorphous_clean/masks/image_014_a.BMP,image_014_a.BMP,3,F3
/afs/crc.nd.edu/user/n/nsapkota/BIBM2023/data/HUSHEM/raw/01_Normal/image_016_n.BMP,/afs/crc.nd.edu/user/n/nsapkota/BIBM2023/data/HUSHEM/preprocessed/01_Normal_clean/head_only/image_016_n.BMP,/afs/crc.nd.edu/user/n/nsapkota/BIBM2023/data/HUSHEM/preprocessed/01_Normal_clean/masks/image_016_n.BMP,image_016_n.BMP,0,F1
/afs/crc.nd.edu/user/n/nsapkota/BIBM2023/data/HUSHEM/raw/03_Pyriform/image_005_p.BMP,/afs/crc.nd.edu/user/n/nsapkota/BIBM2023/data/HUSHEM/preprocessed/03_Pyriform_clean/head_only/image_005_p.BMP,/afs/crc.nd.edu/user/n/nsapkota/BIBM2023/data/HUSHEM/preprocessed/03_Pyriform_clean/masks/image_005_p.BMP,image_005_p.BMP,2,F2
/afs/crc.nd.edu/user/n/nsapkota/BIBM2023/data/HUSHEM/raw/04_Amorphous/image_019_a.BMP,/afs/crc.nd.edu/user/n/nsapkota/BIBM2023/data/HUSHEM/preprocessed/04_Amorphous_clean/head_only/image_019_a.BMP,/afs/crc.nd.edu/user/n/nsapkota/BIBM2023/data/HUSHEM/preprocessed/04_Amorphous_clean/masks/image_019_a.BMP,image_019_a.BMP,3,F3
/afs/crc.nd.edu/user/n/nsapkota/BIBM2023/data/HUSHEM/raw/02_Tapered/image_020_t.BMP,/afs/crc.nd.edu/user/n/nsapkota/BIBM2023/data/HUSHEM/preprocessed/02_Tapered_clean/head_only/image_020_t.BMP,/afs/crc.nd.edu/user/n/nsapkota/BIBM2023/data/HUSHEM/preprocessed/02_Tapered_clean/masks/image_020_t.BMP,image_020_t.BMP,1,F4
/afs/crc.nd.edu/user/n/nsapkota/BIBM2023/data/HUSHEM/raw/04_Amorphous/image_042_a.BMP,/afs/crc.nd.edu/user/n/nsapkota/BIBM2023/data/HUSHEM/preprocessed/04_Amorphous_clean/head_only/image_042_a.BMP,/afs/crc.nd.edu/user/n/nsapkota/BIBM2023/data/HUSHEM/preprocessed/04_Amorphous_clean/masks/image_042_a.BMP,image_042_a.BMP,3,F1
/afs/crc.nd.edu/user/n/nsapkota/BIBM2023/data/HUSHEM/raw/03_Pyriform/image_033_p.BMP,/afs/crc.nd.edu/user/n/nsapkota/BIBM2023/data/HUSHEM/preprocessed/03_Pyriform_clean/head_only/image_033_p.BMP,/afs/crc.nd.edu/user/n/nsapkota/BIBM2023/data/HUSHEM/preprocessed/03_Pyriform_clean/masks/image_033_p.BMP,image_033_p.BMP,2,F5
/afs/crc.nd.edu/user/n/nsapkota/BIBM2023/data/HUSHEM/raw/03_Pyriform/image_053_p.BMP,/afs/crc.nd.edu/user/n/nsapkota/BIBM2023/data/HUSHEM/preprocessed/03_Pyriform_clean/head_only/image_053_p.BMP,/afs/crc.nd.edu/user/n/nsapkota/BIBM2023/data/HUSHEM/preprocessed/03_Pyriform_clean/masks/image_053_p.BMP,image_053_p.BMP,2,F5
/afs/crc.nd.edu/user/n/nsapkota/BIBM2023/data/HUSHEM/raw/01_Normal/image_031_n.BMP,/afs/crc.nd.edu/user/n/nsapkota/BIBM2023/data/HUSHEM/preprocessed/01_Normal_clean/head_only/image_031_n.BMP,/afs/crc.nd.edu/user/n/nsapkota/BIBM2023/data/HUSHEM/preprocessed/01_Normal_clean/masks/image_031_n.BMP,image_031_n.BMP,0,F1
/afs/crc.nd.edu/user/n/nsapkota/BIBM2023/data/HUSHEM/raw/04_Amorphous/image_027_a.BMP,/afs/crc.nd.edu/user/n/nsapkota/BIBM2023/data/HUSHEM/preprocessed/04_Amorphous_clean/head_only/image_027_a.BMP,/afs/crc.nd.edu/user/n/nsapkota/BIBM2023/data/HUSHEM/preprocessed/04_Amorphous_clean/masks/image_027_a.BMP,image_027_a.BMP,3,F1
/afs/crc.nd.edu/user/n/nsapkota/BIBM2023/data/HUSHEM/raw/01_Normal/image_010_n.BMP,/afs/crc.nd.edu/user/n/nsapkota/BIBM2023/data/HUSHEM/preprocessed/01_Normal_clean/head_only/image_010_n.BMP,/afs/crc.nd.edu/user/n/nsapkota/BIBM2023/data/HUSHEM/preprocessed/01_Normal_clean/masks/image_010_n.BMP,image_010_n.BMP,0,F5
/afs/crc.nd.edu/user/n/nsapkota/BIBM2023/data/HUSHEM/raw/02_Tapered/image_014_t.BMP,/afs/crc.nd.edu/user/n/nsapkota/BIBM2023/data/HUSHEM/preprocessed/02_Tapered_clean/head_only/image_014_t.BMP,/afs/crc.nd.edu/user/n/nsapkota/BIBM2023/data/HUSHEM/preprocessed/02_Tapered_clean/masks/image_014_t.BMP,image_014_t.BMP,1,F3
/afs/crc.nd.edu/user/n/nsapkota/BIBM2023/data/HUSHEM/raw/04_Amorphous/image_013_a.BMP,/afs/crc.nd.edu/user/n/nsapkota/BIBM2023/data/HUSHEM/preprocessed/04_Amorphous_clean/head_only/image_013_a.BMP,/afs/crc.nd.edu/user/n/nsapkota/BIBM2023/data/HUSHEM/preprocessed/04_Amorphous_clean/masks/image_013_a.BMP,image_013_a.BMP,3,F2
/afs/crc.nd.edu/user/n/nsapkota/BIBM2023/data/HUSHEM/raw/04_Amorphous/image_009_a.BMP,/afs/crc.nd.edu/user/n/nsapkota/BIBM2023/data/HUSHEM/preprocessed/04_Amorphous_clean/head_only/image_009_a.BMP,/afs/crc.nd.edu/user/n/nsapkota/BIBM2023/data/HUSHEM/preprocessed/04_Amorphous_clean/masks/image_009_a.BMP,image_009_a.BMP,3,F3
/afs/crc.nd.edu/user/n/nsapkota/BIBM2023/data/HUSHEM/raw/01_Normal/image_019_n.BMP,/afs/crc.nd.edu/user/n/nsapkota/BIBM2023/data/HUSHEM/preprocessed/01_Normal_clean/head_only/image_019_n.BMP,/afs/crc.nd.edu/user/n/nsapkota/BIBM2023/data/HUSHEM/preprocessed/01_Normal_clean/masks/image_019_n.BMP,image_019_n.BMP,0,F4
/afs/crc.nd.edu/user/n/nsapkota/BIBM2023/data/HUSHEM/raw/03_Pyriform/image_048_p.BMP,/afs/crc.nd.edu/user/n/nsapkota/BIBM2023/data/HUSHEM/preprocessed/03_Pyriform_clean/head_only/image_048_p.BMP,/afs/crc.nd.edu/user/n/nsapkota/BIBM2023/data/HUSHEM/preprocessed/03_Pyriform_clean/masks/image_048_p.BMP,image_048_p.BMP,2,F5
/afs/crc.nd.edu/user/n/nsapkota/BIBM2023/data/HUSHEM/raw/02_Tapered/image_013_t.BMP,/afs/crc.nd.edu/user/n/nsapkota/BIBM2023/data/HUSHEM/preprocessed/02_Tapered_clean/head_only/image_013_t.BMP,/afs/crc.nd.edu/user/n/nsapkota/BIBM2023/data/HUSHEM/preprocessed/02_Tapered_clean/masks/image_013_t.BMP,image_013_t.BMP,1,F2
/afs/crc.nd.edu/user/n/nsapkota/BIBM2023/data/HUSHEM/raw/04_Amorphous/image_023_a.BMP,/afs/crc.nd.edu/user/n/nsapkota/BIBM2023/data/HUSHEM/preprocessed/04_Amorphous_clean/head_only/image_023_a.BMP,/afs/crc.nd.edu/user/n/nsapkota/BIBM2023/data/HUSHEM/preprocessed/04_Amorphous_clean/masks/image_023_a.BMP,image_023_a.BMP,3,F2
/afs/crc.nd.edu/user/n/nsapkota/BIBM2023/data/HUSHEM/raw/03_Pyriform/image_036_p.BMP,/afs/crc.nd.edu/user/n/nsapkota/BIBM2023/data/HUSHEM/preprocessed/03_Pyriform_clean/head_only/image_036_p.BMP,/afs/crc.nd.edu/user/n/nsapkota/BIBM2023/data/HUSHEM/preprocessed/03_Pyriform_clean/masks/image_036_p.BMP,image_036_p.BMP,2,F3
/afs/crc.nd.edu/user/n/nsapkota/BIBM2023/data/HUSHEM/raw/02_Tapered/image_026_t.BMP,/afs/crc.nd.edu/user/n/nsapkota/BIBM2023/data/HUSHEM/preprocessed/02_Tapered_clean/head_only/image_026_t.BMP,/afs/crc.nd.edu/user/n/nsapkota/BIBM2023/data/HUSHEM/preprocessed/02_Tapered_clean/masks/image_026_t.BMP,image_026_t.BMP,1,F5
/afs/crc.nd.edu/user/n/nsapkota/BIBM2023/data/HUSHEM/raw/01_Normal/image_026_n.BMP,/afs/crc.nd.edu/user/n/nsapkota/BIBM2023/data/HUSHEM/preprocessed/01_Normal_clean/head_only/image_026_n.BMP,/afs/crc.nd.edu/user/n/nsapkota/BIBM2023/data/HUSHEM/preprocessed/01_Normal_clean/masks/image_026_n.BMP,image_026_n.BMP,0,F1
/afs/crc.nd.edu/user/n/nsapkota/BIBM2023/data/HUSHEM/raw/02_Tapered/image_051_t.BMP,/afs/crc.nd.edu/user/n/nsapkota/BIBM2023/data/HUSHEM/preprocessed/02_Tapered_clean/head_only/image_051_t.BMP,/afs/crc.nd.edu/user/n/nsapkota/BIBM2023/data/HUSHEM/preprocessed/02_Tapered_clean/masks/image_051_t.BMP,image_051_t.BMP,1,F5
/afs/crc.nd.edu/user/n/nsapkota/BIBM2023/data/HUSHEM/raw/03_Pyriform/image_040_p.BMP,/afs/crc.nd.edu/user/n/nsapkota/BIBM2023/data/HUSHEM/preprocessed/03_Pyriform_clean/head_only/image_040_p.BMP,/afs/crc.nd.edu/user/n/nsapkota/BIBM2023/data/HUSHEM/preprocessed/03_Pyriform_clean/masks/image_040_p.BMP,image_040_p.BMP,2,F2
/afs/crc.nd.edu/user/n/nsapkota/BIBM2023/data/HUSHEM/raw/03_Pyriform/image_055_p.BMP,/afs/crc.nd.edu/user/n/nsapkota/BIBM2023/data/HUSHEM/preprocessed/03_Pyriform_clean/head_only/image_055_p.BMP,/afs/crc.nd.edu/user/n/nsapkota/BIBM2023/data/HUSHEM/preprocessed/03_Pyriform_clean/masks/image_055_p.BMP,image_055_p.BMP,2,F2
/afs/crc.nd.edu/user/n/nsapkota/BIBM2023/data/HUSHEM/raw/01_Normal/image_017_n.BMP,/afs/crc.nd.edu/user/n/nsapkota/BIBM2023/data/HUSHEM/preprocessed/01_Normal_clean/head_only/image_017_n.BMP,/afs/crc.nd.edu/user/n/nsapkota/BIBM2023/data/HUSHEM/preprocessed/01_Normal_clean/masks/image_017_n.BMP,image_017_n.BMP,0,F2
/afs/crc.nd.edu/user/n/nsapkota/BIBM2023/data/HUSHEM/raw/01_Normal/image_046_n.BMP,/afs/crc.nd.edu/user/n/nsapkota/BIBM2023/data/HUSHEM/preprocessed/01_Normal_clean/head_only/image_046_n.BMP,/afs/crc.nd.edu/user/n/nsapkota/BIBM2023/data/HUSHEM/preprocessed/01_Normal_clean/masks/image_046_n.BMP,image_046_n.BMP,0,F1
/afs/crc.nd.edu/user/n/nsapkota/BIBM2023/data/HUSHEM/raw/04_Amorphous/image_036_a.BMP,/afs/crc.nd.edu/user/n/nsapkota/BIBM2023/data/HUSHEM/preprocessed/04_Amorphous_clean/head_only/image_036_a.BMP,/afs/crc.nd.edu/user/n/nsapkota/BIBM2023/data/HUSHEM/preprocessed/04_Amorphous_clean/masks/image_036_a.BMP,image_036_a.BMP,3,F5
/afs/crc.nd.edu/user/n/nsapkota/BIBM2023/data/HUSHEM/raw/03_Pyriform/image_002_p.BMP,/afs/crc.nd.edu/user/n/nsapkota/BIBM2023/data/HUSHEM/preprocessed/03_Pyriform_clean/head_only/image_002_p.BMP,/afs/crc.nd.edu/user/n/nsapkota/BIBM2023/data/HUSHEM/preprocessed/03_Pyriform_clean/masks/image_002_p.BMP,image_002_p.BMP,2,F4
/afs/crc.nd.edu/user/n/nsapkota/BIBM2023/data/HUSHEM/raw/02_Tapered/image_002_t.BMP,/afs/crc.nd.edu/user/n/nsapkota/BIBM2023/data/HUSHEM/preprocessed/02_Tapered_clean/head_only/image_002_t.BMP,/afs/crc.nd.edu/user/n/nsapkota/BIBM2023/data/HUSHEM/preprocessed/02_Tapered_clean/masks/image_002_t.BMP,image_002_t.BMP,1,F1
/afs/crc.nd.edu/user/n/nsapkota/BIBM2023/data/HUSHEM/raw/03_Pyriform/image_006_p.BMP,/afs/crc.nd.edu/user/n/nsapkota/BIBM2023/data/HUSHEM/preprocessed/03_Pyriform_clean/head_only/image_006_p.BMP,/afs/crc.nd.edu/user/n/nsapkota/BIBM2023/data/HUSHEM/preprocessed/03_Pyriform_clean/masks/image_006_p.BMP,image_006_p.BMP,2,F3
/afs/crc.nd.edu/user/n/nsapkota/BIBM2023/data/HUSHEM/raw/04_Amorphous/image_029_a.BMP,/afs/crc.nd.edu/user/n/nsapkota/BIBM2023/data/HUSHEM/preprocessed/04_Amorphous_clean/head_only/image_029_a.BMP,/afs/crc.nd.edu/user/n/nsapkota/BIBM2023/data/HUSHEM/preprocessed/04_Amorphous_clean/masks/image_029_a.BMP,image_029_a.BMP,3,F3
/afs/crc.nd.edu/user/n/nsapkota/BIBM2023/data/HUSHEM/raw/03_Pyriform/image_018_p.BMP,/afs/crc.nd.edu/user/n/nsapkota/BIBM2023/data/HUSHEM/preprocessed/03_Pyriform_clean/head_only/image_018_p.BMP,/afs/crc.nd.edu/user/n/nsapkota/BIBM2023/data/HUSHEM/preprocessed/03_Pyriform_clean/masks/image_018_p.BMP,image_018_p.BMP,2,F5
/afs/crc.nd.edu/user/n/nsapkota/BIBM2023/data/HUSHEM/raw/03_Pyriform/image_022_p.BMP,/afs/crc.nd.edu/user/n/nsapkota/BIBM2023/data/HUSHEM/preprocessed/03_Pyriform_clean/head_only/image_022_p.BMP,/afs/crc.nd.edu/user/n/nsapkota/BIBM2023/data/HUSHEM/preprocessed/03_Pyriform_clean/masks/image_022_p.BMP,image_022_p.BMP,2,F4
/afs/crc.nd.edu/user/n/nsapkota/BIBM2023/data/HUSHEM/raw/02_Tapered/image_022_t.BMP,/afs/crc.nd.edu/user/n/nsapkota/BIBM2023/data/HUSHEM/preprocessed/02_Tapered_clean/head_only/image_022_t.BMP,/afs/crc.nd.edu/user/n/nsapkota/BIBM2023/data/HUSHEM/preprocessed/02_Tapered_clean/masks/image_022_t.BMP,image_022_t.BMP,1,F1
/afs/crc.nd.edu/user/n/nsapkota/BIBM2023/data/HUSHEM/raw/03_Pyriform/image_029_p.BMP,/afs/crc.nd.edu/user/n/nsapkota/BIBM2023/data/HUSHEM/preprocessed/03_Pyriform_clean/head_only/image_029_p.BMP,/afs/crc.nd.edu/user/n/nsapkota/BIBM2023/data/HUSHEM/preprocessed/03_Pyriform_clean/masks/image_029_p.BMP,image_029_p.BMP,2,F1
/afs/crc.nd.edu/user/n/nsapkota/BIBM2023/data/HUSHEM/raw/03_Pyriform/image_012_p.BMP,/afs/crc.nd.edu/user/n/nsapkota/BIBM2023/data/HUSHEM/preprocessed/03_Pyriform_clean/head_only/image_012_p.BMP,/afs/crc.nd.edu/user/n/nsapkota/BIBM2023/data/HUSHEM/preprocessed/03_Pyriform_clean/masks/image_012_p.BMP,image_012_p.BMP,2,F4
/afs/crc.nd.edu/user/n/nsapkota/BIBM2023/data/HUSHEM/raw/02_Tapered/image_045_t.BMP,/afs/crc.nd.edu/user/n/nsapkota/BIBM2023/data/HUSHEM/preprocessed/02_Tapered_clean/head_only/image_045_t.BMP,/afs/crc.nd.edu/user/n/nsapkota/BIBM2023/data/HUSHEM/preprocessed/02_Tapered_clean/masks/image_045_t.BMP,image_045_t.BMP,1,F4
/afs/crc.nd.edu/user/n/nsapkota/BIBM2023/data/HUSHEM/raw/02_Tapered/image_043_t.BMP,/afs/crc.nd.edu/user/n/nsapkota/BIBM2023/data/HUSHEM/preprocessed/02_Tapered_clean/head_only/image_043_t.BMP,/afs/crc.nd.edu/user/n/nsapkota/BIBM2023/data/HUSHEM/preprocessed/02_Tapered_clean/masks/image_043_t.BMP,image_043_t.BMP,1,F2
/afs/crc.nd.edu/user/n/nsapkota/BIBM2023/data/HUSHEM/raw/04_Amorphous/image_021_a.BMP,/afs/crc.nd.edu/user/n/nsapkota/BIBM2023/data/HUSHEM/preprocessed/04_Amorphous_clean/head_only/image_021_a.BMP,/afs/crc.nd.edu/user/n/nsapkota/BIBM2023/data/HUSHEM/preprocessed/04_Amorphous_clean/masks/image_021_a.BMP,image_021_a.BMP,3,F5
/afs/crc.nd.edu/user/n/nsapkota/BIBM2023/data/HUSHEM/raw/03_Pyriform/image_011_p.BMP,/afs/crc.nd.edu/user/n/nsapkota/BIBM2023/data/HUSHEM/preprocessed/03_Pyriform_clean/head_only/image_011_p.BMP,/afs/crc.nd.edu/user/n/nsapkota/BIBM2023/data/HUSHEM/preprocessed/03_Pyriform_clean/masks/image_011_p.BMP,image_011_p.BMP,2,F3
/afs/crc.nd.edu/user/n/nsapkota/BIBM2023/data/HUSHEM/raw/02_Tapered/image_040_t.BMP,/afs/crc.nd.edu/user/n/nsapkota/BIBM2023/data/HUSHEM/preprocessed/02_Tapered_clean/head_only/image_040_t.BMP,/afs/crc.nd.edu/user/n/nsapkota/BIBM2023/data/HUSHEM/preprocessed/02_Tapered_clean/masks/image_040_t.BMP,image_040_t.BMP,1,F4
/afs/crc.nd.edu/user/n/nsapkota/BIBM2023/data/HUSHEM/raw/02_Tapered/image_031_t.BMP,/afs/crc.nd.edu/user/n/nsapkota/BIBM2023/data/HUSHEM/preprocessed/02_Tapered_clean/head_only/image_031_t.BMP,/afs/crc.nd.edu/user/n/nsapkota/BIBM2023/data/HUSHEM/preprocessed/02_Tapered_clean/masks/image_031_t.BMP,image_031_t.BMP,1,F5
/afs/crc.nd.edu/user/n/nsapkota/BIBM2023/data/HUSHEM/raw/02_Tapered/image_042_t.BMP,/afs/crc.nd.edu/user/n/nsapkota/BIBM2023/data/HUSHEM/preprocessed/02_Tapered_clean/head_only/image_042_t.BMP,/afs/crc.nd.edu/user/n/nsapkota/BIBM2023/data/HUSHEM/preprocessed/02_Tapered_clean/masks/image_042_t.BMP,image_042_t.BMP,1,F1
/afs/crc.nd.edu/user/n/nsapkota/BIBM2023/data/HUSHEM/raw/03_Pyriform/image_031_p.BMP,/afs/crc.nd.edu/user/n/nsapkota/BIBM2023/data/HUSHEM/preprocessed/03_Pyriform_clean/head_only/image_031_p.BMP,/afs/crc.nd.edu/user/n/nsapkota/BIBM2023/data/HUSHEM/preprocessed/03_Pyriform_clean/masks/image_031_p.BMP,image_031_p.BMP,2,F3
/afs/crc.nd.edu/user/n/nsapkota/BIBM2023/data/HUSHEM/raw/04_Amorphous/image_048_a.BMP,/afs/crc.nd.edu/user/n/nsapkota/BIBM2023/data/HUSHEM/preprocessed/04_Amorphous_clean/head_only/image_048_a.BMP,/afs/crc.nd.edu/user/n/nsapkota/BIBM2023/data/HUSHEM/preprocessed/04_Amorphous_clean/masks/image_048_a.BMP,image_048_a.BMP,3,F2
/afs/crc.nd.edu/user/n/nsapkota/BIBM2023/data/HUSHEM/raw/02_Tapered/image_033_t.BMP,/afs/crc.nd.edu/user/n/nsapkota/BIBM2023/data/HUSHEM/preprocessed/02_Tapered_clean/head_only/image_033_t.BMP,/afs/crc.nd.edu/user/n/nsapkota/BIBM2023/data/HUSHEM/preprocessed/02_Tapered_clean/masks/image_033_t.BMP,image_033_t.BMP,1,F2
/afs/crc.nd.edu/user/n/nsapkota/BIBM2023/data/HUSHEM/raw/03_Pyriform/image_057_p.BMP,/afs/crc.nd.edu/user/n/nsapkota/BIBM2023/data/HUSHEM/preprocessed/03_Pyriform_clean/head_only/image_057_p.BMP,/afs/crc.nd.edu/user/n/nsapkota/BIBM2023/data/HUSHEM/preprocessed/03_Pyriform_clean/masks/image_057_p.BMP,image_057_p.BMP,2,F4
/afs/crc.nd.edu/user/n/nsapkota/BIBM2023/data/HUSHEM/raw/03_Pyriform/image_047_p.BMP,/afs/crc.nd.edu/user/n/nsapkota/BIBM2023/data/HUSHEM/preprocessed/03_Pyriform_clean/head_only/image_047_p.BMP,/afs/crc.nd.edu/user/n/nsapkota/BIBM2023/data/HUSHEM/preprocessed/03_Pyriform_clean/masks/image_047_p.BMP,image_047_p.BMP,2,F4
/afs/crc.nd.edu/user/n/nsapkota/BIBM2023/data/HUSHEM/raw/01_Normal/image_039_n.BMP,/afs/crc.nd.edu/user/n/nsapkota/BIBM2023/data/HUSHEM/preprocessed/01_Normal_clean/head_only/image_039_n.BMP,/afs/crc.nd.edu/user/n/nsapkota/BIBM2023/data/HUSHEM/preprocessed/01_Normal_clean/masks/image_039_n.BMP,image_039_n.BMP,0,F4
/afs/crc.nd.edu/user/n/nsapkota/BIBM2023/data/HUSHEM/raw/01_Normal/image_025_n.BMP,/afs/crc.nd.edu/user/n/nsapkota/BIBM2023/data/HUSHEM/preprocessed/01_Normal_clean/head_only/image_025_n.BMP,/afs/crc.nd.edu/user/n/nsapkota/BIBM2023/data/HUSHEM/preprocessed/01_Normal_clean/masks/image_025_n.BMP,image_025_n.BMP,0,F5
/afs/crc.nd.edu/user/n/nsapkota/BIBM2023/data/HUSHEM/raw/04_Amorphous/image_007_a.BMP,/afs/crc.nd.edu/user/n/nsapkota/BIBM2023/data/HUSHEM/preprocessed/04_Amorphous_clean/head_only/image_007_a.BMP,/afs/crc.nd.edu/user/n/nsapkota/BIBM2023/data/HUSHEM/preprocessed/04_Amorphous_clean/masks/image_007_a.BMP,image_007_a.BMP,3,F1
/afs/crc.nd.edu/user/n/nsapkota/BIBM2023/data/HUSHEM/raw/03_Pyriform/image_014_p.BMP,/afs/crc.nd.edu/user/n/nsapkota/BIBM2023/data/HUSHEM/preprocessed/03_Pyriform_clean/head_only/image_014_p.BMP,/afs/crc.nd.edu/user/n/nsapkota/BIBM2023/data/HUSHEM/preprocessed/03_Pyriform_clean/masks/image_014_p.BMP,image_014_p.BMP,2,F1
/afs/crc.nd.edu/user/n/nsapkota/BIBM2023/data/HUSHEM/raw/01_Normal/image_030_n.BMP,/afs/crc.nd.edu/user/n/nsapkota/BIBM2023/data/HUSHEM/preprocessed/01_Normal_clean/head_only/image_030_n.BMP,/afs/crc.nd.edu/user/n/nsapkota/BIBM2023/data/HUSHEM/preprocessed/01_Normal_clean/masks/image_030_n.BMP,image_030_n.BMP,0,F5
/afs/crc.nd.edu/user/n/nsapkota/BIBM2023/data/HUSHEM/raw/01_Normal/image_020_n.BMP,/afs/crc.nd.edu/user/n/nsapkota/BIBM2023/data/HUSHEM/preprocessed/01_Normal_clean/head_only/image_020_n.BMP,/afs/crc.nd.edu/user/n/nsapkota/BIBM2023/data/HUSHEM/preprocessed/01_Normal_clean/masks/image_020_n.BMP,image_020_n.BMP,0,F5
/afs/crc.nd.edu/user/n/nsapkota/BIBM2023/data/HUSHEM/raw/02_Tapered/image_016_t.BMP,/afs/crc.nd.edu/user/n/nsapkota/BIBM2023/data/HUSHEM/preprocessed/02_Tapered_clean/head_only/image_016_t.BMP,/afs/crc.nd.edu/user/n/nsapkota/BIBM2023/data/HUSHEM/preprocessed/02_Tapered_clean/masks/image_016_t.BMP,image_016_t.BMP,1,F5
/afs/crc.nd.edu/user/n/nsapkota/BIBM2023/data/HUSHEM/raw/02_Tapered/image_044_t.BMP,/afs/crc.nd.edu/user/n/nsapkota/BIBM2023/data/HUSHEM/preprocessed/02_Tapered_clean/head_only/image_044_t.BMP,/afs/crc.nd.edu/user/n/nsapkota/BIBM2023/data/HUSHEM/preprocessed/02_Tapered_clean/masks/image_044_t.BMP,image_044_t.BMP,1,F3
/afs/crc.nd.edu/user/n/nsapkota/BIBM2023/data/HUSHEM/raw/02_Tapered/image_007_t.BMP,/afs/crc.nd.edu/user/n/nsapkota/BIBM2023/data/HUSHEM/preprocessed/02_Tapered_clean/head_only/image_007_t.BMP,/afs/crc.nd.edu/user/n/nsapkota/BIBM2023/data/HUSHEM/preprocessed/02_Tapered_clean/masks/image_007_t.BMP,image_007_t.BMP,1,F1
/afs/crc.nd.edu/user/n/nsapkota/BIBM2023/data/HUSHEM/raw/02_Tapered/image_015_t.BMP,/afs/crc.nd.edu/user/n/nsapkota/BIBM2023/data/HUSHEM/preprocessed/02_Tapered_clean/head_only/image_015_t.BMP,/afs/crc.nd.edu/user/n/nsapkota/BIBM2023/data/HUSHEM/preprocessed/02_Tapered_clean/masks/image_015_t.BMP,image_015_t.BMP,1,F4
/afs/crc.nd.edu/user/n/nsapkota/BIBM2023/data/HUSHEM/raw/01_Normal/image_006_n.BMP,/afs/crc.nd.edu/user/n/nsapkota/BIBM2023/data/HUSHEM/preprocessed/01_Normal_clean/head_only/image_006_n.BMP,/afs/crc.nd.edu/user/n/nsapkota/BIBM2023/data/HUSHEM/preprocessed/01_Normal_clean/masks/image_006_n.BMP,image_006_n.BMP,0,F1
/afs/crc.nd.edu/user/n/nsapkota/BIBM2023/data/HUSHEM/raw/03_Pyriform/image_030_p.BMP,/afs/crc.nd.edu/user/n/nsapkota/BIBM2023/data/HUSHEM/preprocessed/03_Pyriform_clean/head_only/image_030_p.BMP,/afs/crc.nd.edu/user/n/nsapkota/BIBM2023/data/HUSHEM/preprocessed/03_Pyriform_clean/masks/image_030_p.BMP,image_030_p.BMP,2,F2
/afs/crc.nd.edu/user/n/nsapkota/BIBM2023/data/HUSHEM/raw/02_Tapered/image_003_t.BMP,/afs/crc.nd.edu/user/n/nsapkota/BIBM2023/data/HUSHEM/preprocessed/02_Tapered_clean/head_only/image_003_t.BMP,/afs/crc.nd.edu/user/n/nsapkota/BIBM2023/data/HUSHEM/preprocessed/02_Tapered_clean/masks/image_003_t.BMP,image_003_t.BMP,1,F2
/afs/crc.nd.edu/user/n/nsapkota/BIBM2023/data/HUSHEM/raw/02_Tapered/image_047_t.BMP,/afs/crc.nd.edu/user/n/nsapkota/BIBM2023/data/HUSHEM/preprocessed/02_Tapered_clean/head_only/image_047_t.BMP,/afs/crc.nd.edu/user/n/nsapkota/BIBM2023/data/HUSHEM/preprocessed/02_Tapered_clean/masks/image_047_t.BMP,image_047_t.BMP,1,F1
/afs/crc.nd.edu/user/n/nsapkota/BIBM2023/data/HUSHEM/raw/03_Pyriform/image_046_p.BMP,/afs/crc.nd.edu/user/n/nsapkota/BIBM2023/data/HUSHEM/preprocessed/03_Pyriform_clean/head_only/image_046_p.BMP,/afs/crc.nd.edu/user/n/nsapkota/BIBM2023/data/HUSHEM/preprocessed/03_Pyriform_clean/masks/image_046_p.BMP,image_046_p.BMP,2,F3
/afs/crc.nd.edu/user/n/nsapkota/BIBM2023/data/HUSHEM/raw/02_Tapered/image_029_t.BMP,/afs/crc.nd.edu/user/n/nsapkota/BIBM2023/data/HUSHEM/preprocessed/02_Tapered_clean/head_only/image_029_t.BMP,/afs/crc.nd.edu/user/n/nsapkota/BIBM2023/data/HUSHEM/preprocessed/02_Tapered_clean/masks/image_029_t.BMP,image_029_t.BMP,1,F3
/afs/crc.nd.edu/user/n/nsapkota/BIBM2023/data/HUSHEM/raw/02_Tapered/image_012_t.BMP,/afs/crc.nd.edu/user/n/nsapkota/BIBM2023/data/HUSHEM/preprocessed/02_Tapered_clean/head_only/image_012_t.BMP,/afs/crc.nd.edu/user/n/nsapkota/BIBM2023/data/HUSHEM/preprocessed/02_Tapered_clean/masks/image_012_t.BMP,image_012_t.BMP,1,F1
/afs/crc.nd.edu/user/n/nsapkota/BIBM2023/data/HUSHEM/raw/03_Pyriform/image_003_p.BMP,/afs/crc.nd.edu/user/n/nsapkota/BIBM2023/data/HUSHEM/preprocessed/03_Pyriform_clean/head_only/image_003_p.BMP,/afs/crc.nd.edu/user/n/nsapkota/BIBM2023/data/HUSHEM/preprocessed/03_Pyriform_clean/masks/image_003_p.BMP,image_003_p.BMP,2,F5
/afs/crc.nd.edu/user/n/nsapkota/BIBM2023/data/HUSHEM/raw/04_Amorphous/image_020_a.BMP,/afs/crc.nd.edu/user/n/nsapkota/BIBM2023/data/HUSHEM/preprocessed/04_Amorphous_clean/head_only/image_020_a.BMP,/afs/crc.nd.edu/user/n/nsapkota/BIBM2023/data/HUSHEM/preprocessed/04_Amorphous_clean/masks/image_020_a.BMP,image_020_a.BMP,3,F4
/afs/crc.nd.edu/user/n/nsapkota/BIBM2023/data/HUSHEM/raw/01_Normal/image_032_n.BMP,/afs/crc.nd.edu/user/n/nsapkota/BIBM2023/data/HUSHEM/preprocessed/01_Normal_clean/head_only/image_032_n.BMP,/afs/crc.nd.edu/user/n/nsapkota/BIBM2023/data/HUSHEM/preprocessed/01_Normal_clean/masks/image_032_n.BMP,image_032_n.BMP,0,F2
/afs/crc.nd.edu/user/n/nsapkota/BIBM2023/data/HUSHEM/raw/01_Normal/image_013_n.BMP,/afs/crc.nd.edu/user/n/nsapkota/BIBM2023/data/HUSHEM/preprocessed/01_Normal_clean/head_only/image_013_n.BMP,/afs/crc.nd.edu/user/n/nsapkota/BIBM2023/data/HUSHEM/preprocessed/01_Normal_clean/masks/image_013_n.BMP,image_013_n.BMP,0,F3
/afs/crc.nd.edu/user/n/nsapkota/BIBM2023/data/HUSHEM/raw/01_Normal/image_036_n.BMP,/afs/crc.nd.edu/user/n/nsapkota/BIBM2023/data/HUSHEM/preprocessed/01_Normal_clean/head_only/image_036_n.BMP,/afs/crc.nd.edu/user/n/nsapkota/BIBM2023/data/HUSHEM/preprocessed/01_Normal_clean/masks/image_036_n.BMP,image_036_n.BMP,0,F1
/afs/crc.nd.edu/user/n/nsapkota/BIBM2023/data/HUSHEM/raw/01_Normal/image_029_n.BMP,/afs/crc.nd.edu/user/n/nsapkota/BIBM2023/data/HUSHEM/preprocessed/01_Normal_clean/head_only/image_029_n.BMP,/afs/crc.nd.edu/user/n/nsapkota/BIBM2023/data/HUSHEM/preprocessed/01_Normal_clean/masks/image_029_n.BMP,image_029_n.BMP,0,F4
/afs/crc.nd.edu/user/n/nsapkota/BIBM2023/data/HUSHEM/raw/01_Normal/image_043_n.BMP,/afs/crc.nd.edu/user/n/nsapkota/BIBM2023/data/HUSHEM/preprocessed/01_Normal_clean/head_only/image_043_n.BMP,/afs/crc.nd.edu/user/n/nsapkota/BIBM2023/data/HUSHEM/preprocessed/01_Normal_clean/masks/image_043_n.BMP,image_043_n.BMP,0,F3
/afs/crc.nd.edu/user/n/nsapkota/BIBM2023/data/HUSHEM/raw/04_Amorphous/image_046_a.BMP,/afs/crc.nd.edu/user/n/nsapkota/BIBM2023/data/HUSHEM/preprocessed/04_Amorphous_clean/head_only/image_046_a.BMP,/afs/crc.nd.edu/user/n/nsapkota/BIBM2023/data/HUSHEM/preprocessed/04_Amorphous_clean/masks/image_046_a.BMP,image_046_a.BMP,3,F5
/afs/crc.nd.edu/user/n/nsapkota/BIBM2023/data/HUSHEM/raw/02_Tapered/image_048_t.BMP,/afs/crc.nd.edu/user/n/nsapkota/BIBM2023/data/HUSHEM/preprocessed/02_Tapered_clean/head_only/image_048_t.BMP,/afs/crc.nd.edu/user/n/nsapkota/BIBM2023/data/HUSHEM/preprocessed/02_Tapered_clean/masks/image_048_t.BMP,image_048_t.BMP,1,F2
/afs/crc.nd.edu/user/n/nsapkota/BIBM2023/data/HUSHEM/raw/03_Pyriform/image_041_p.BMP,/afs/crc.nd.edu/user/n/nsapkota/BIBM2023/data/HUSHEM/preprocessed/03_Pyriform_clean/head_only/image_041_p.BMP,/afs/crc.nd.edu/user/n/nsapkota/BIBM2023/data/HUSHEM/preprocessed/03_Pyriform_clean/masks/image_041_p.BMP,image_041_p.BMP,2,F3
/afs/crc.nd.edu/user/n/nsapkota/BIBM2023/data/HUSHEM/raw/01_Normal/image_052_n.BMP,/afs/crc.nd.edu/user/n/nsapkota/BIBM2023/data/HUSHEM/preprocessed/01_Normal_clean/head_only/image_052_n.BMP,/afs/crc.nd.edu/user/n/nsapkota/BIBM2023/data/HUSHEM/preprocessed/01_Normal_clean/masks/image_052_n.BMP,image_052_n.BMP,0,F2
/afs/crc.nd.edu/user/n/nsapkota/BIBM2023/data/HUSHEM/raw/04_Amorphous/image_043_a.BMP,/afs/crc.nd.edu/user/n/nsapkota/BIBM2023/data/HUSHEM/preprocessed/04_Amorphous_clean/head_only/image_043_a.BMP,/afs/crc.nd.edu/user/n/nsapkota/BIBM2023/data/HUSHEM/preprocessed/04_Amorphous_clean/masks/image_043_a.BMP,image_043_a.BMP,3,F2
/afs/crc.nd.edu/user/n/nsapkota/BIBM2023/data/HUSHEM/raw/04_Amorphous/image_017_a.BMP,/afs/crc.nd.edu/user/n/nsapkota/BIBM2023/data/HUSHEM/preprocessed/04_Amorphous_clean/head_only/image_017_a.BMP,/afs/crc.nd.edu/user/n/nsapkota/BIBM2023/data/HUSHEM/preprocessed/04_Amorphous_clean/masks/image_017_a.BMP,image_017_a.BMP,3,F1
/afs/crc.nd.edu/user/n/nsapkota/BIBM2023/data/HUSHEM/raw/02_Tapered/image_023_t.BMP,/afs/crc.nd.edu/user/n/nsapkota/BIBM2023/data/HUSHEM/preprocessed/02_Tapered_clean/head_only/image_023_t.BMP,/afs/crc.nd.edu/user/n/nsapkota/BIBM2023/data/HUSHEM/preprocessed/02_Tapered_clean/masks/image_023_t.BMP,image_023_t.BMP,1,F2
/afs/crc.nd.edu/user/n/nsapkota/BIBM2023/data/HUSHEM/raw/01_Normal/image_042_n.BMP,/afs/crc.nd.edu/user/n/nsapkota/BIBM2023/data/HUSHEM/preprocessed/01_Normal_clean/head_only/image_042_n.BMP,/afs/crc.nd.edu/user/n/nsapkota/BIBM2023/data/HUSHEM/preprocessed/01_Normal_clean/masks/image_042_n.BMP,image_042_n.BMP,0,F2
/afs/crc.nd.edu/user/n/nsapkota/BIBM2023/data/HUSHEM/raw/03_Pyriform/image_026_p.BMP,/afs/crc.nd.edu/user/n/nsapkota/BIBM2023/data/HUSHEM/preprocessed/03_Pyriform_clean/head_only/image_026_p.BMP,/afs/crc.nd.edu/user/n/nsapkota/BIBM2023/data/HUSHEM/preprocessed/03_Pyriform_clean/masks/image_026_p.BMP,image_026_p.BMP,2,F3
/afs/crc.nd.edu/user/n/nsapkota/BIBM2023/data/HUSHEM/raw/02_Tapered/image_025_t.BMP,/afs/crc.nd.edu/user/n/nsapkota/BIBM2023/data/HUSHEM/preprocessed/02_Tapered_clean/head_only/image_025_t.BMP,/afs/crc.nd.edu/user/n/nsapkota/BIBM2023/data/HUSHEM/preprocessed/02_Tapered_clean/masks/image_025_t.BMP,image_025_t.BMP,1,F4
/afs/crc.nd.edu/user/n/nsapkota/BIBM2023/data/HUSHEM/raw/03_Pyriform/image_021_p.BMP,/afs/crc.nd.edu/user/n/nsapkota/BIBM2023/data/HUSHEM/preprocessed/03_Pyriform_clean/head_only/image_021_p.BMP,/afs/crc.nd.edu/user/n/nsapkota/BIBM2023/data/HUSHEM/preprocessed/03_Pyriform_clean/masks/image_021_p.BMP,image_021_p.BMP,2,F3
/afs/crc.nd.edu/user/n/nsapkota/BIBM2023/data/HUSHEM/raw/01_Normal/image_027_n.BMP,/afs/crc.nd.edu/user/n/nsapkota/BIBM2023/data/HUSHEM/preprocessed/01_Normal_clean/head_only/image_027_n.BMP,/afs/crc.nd.edu/user/n/nsapkota/BIBM2023/data/HUSHEM/preprocessed/01_Normal_clean/masks/image_027_n.BMP,image_027_n.BMP,0,F2
/afs/crc.nd.edu/user/n/nsapkota/BIBM2023/data/HUSHEM/raw/03_Pyriform/image_037_p.BMP,/afs/crc.nd.edu/user/n/nsapkota/BIBM2023/data/HUSHEM/preprocessed/03_Pyriform_clean/head_only/image_037_p.BMP,/afs/crc.nd.edu/user/n/nsapkota/BIBM2023/data/HUSHEM/preprocessed/03_Pyriform_clean/masks/image_037_p.BMP,image_037_p.BMP,2,F4
/afs/crc.nd.edu/user/n/nsapkota/BIBM2023/data/HUSHEM/raw/03_Pyriform/image_007_p.BMP,/afs/crc.nd.edu/user/n/nsapkota/BIBM2023/data/HUSHEM/preprocessed/03_Pyriform_clean/head_only/image_007_p.BMP,/afs/crc.nd.edu/user/n/nsapkota/BIBM2023/data/HUSHEM/preprocessed/03_Pyriform_clean/masks/image_007_p.BMP,image_007_p.BMP,2,F4
/afs/crc.nd.edu/user/n/nsapkota/BIBM2023/data/HUSHEM/raw/03_Pyriform/image_019_p.BMP,/afs/crc.nd.edu/user/n/nsapkota/BIBM2023/data/HUSHEM/preprocessed/03_Pyriform_clean/head_only/image_019_p.BMP,/afs/crc.nd.edu/user/n/nsapkota/BIBM2023/data/HUSHEM/preprocessed/03_Pyriform_clean/masks/image_019_p.BMP,image_019_p.BMP,2,F1
/afs/crc.nd.edu/user/n/nsapkota/BIBM2023/data/HUSHEM/raw/01_Normal/image_003_n.BMP,/afs/crc.nd.edu/user/n/nsapkota/BIBM2023/data/HUSHEM/preprocessed/01_Normal_clean/head_only/image_003_n.BMP,/afs/crc.nd.edu/user/n/nsapkota/BIBM2023/data/HUSHEM/preprocessed/01_Normal_clean/masks/image_003_n.BMP,image_003_n.BMP,0,F3
/afs/crc.nd.edu/user/n/nsapkota/BIBM2023/data/HUSHEM/raw/02_Tapered/image_024_t.BMP,/afs/crc.nd.edu/user/n/nsapkota/BIBM2023/data/HUSHEM/preprocessed/02_Tapered_clean/head_only/image_024_t.BMP,/afs/crc.nd.edu/user/n/nsapkota/BIBM2023/data/HUSHEM/preprocessed/02_Tapered_clean/masks/image_024_t.BMP,image_024_t.BMP,1,F3
/afs/crc.nd.edu/user/n/nsapkota/BIBM2023/data/HUSHEM/raw/01_Normal/image_047_n.BMP,/afs/crc.nd.edu/user/n/nsapkota/BIBM2023/data/HUSHEM/preprocessed/01_Normal_clean/head_only/image_047_n.BMP,/afs/crc.nd.edu/user/n/nsapkota/BIBM2023/data/HUSHEM/preprocessed/01_Normal_clean/masks/image_047_n.BMP,image_047_n.BMP,0,F2
/afs/crc.nd.edu/user/n/nsapkota/BIBM2023/data/HUSHEM/raw/04_Amorphous/image_012_a.BMP,/afs/crc.nd.edu/user/n/nsapkota/BIBM2023/data/HUSHEM/preprocessed/04_Amorphous_clean/head_only/image_012_a.BMP,/afs/crc.nd.edu/user/n/nsapkota/BIBM2023/data/HUSHEM/preprocessed/04_Amorphous_clean/masks/image_012_a.BMP,image_012_a.BMP,3,F1
/afs/crc.nd.edu/user/n/nsapkota/BIBM2023/data/HUSHEM/raw/03_Pyriform/image_009_p.BMP,/afs/crc.nd.edu/user/n/nsapkota/BIBM2023/data/HUSHEM/preprocessed/03_Pyriform_clean/head_only/image_009_p.BMP,/afs/crc.nd.edu/user/n/nsapkota/BIBM2023/data/HUSHEM/preprocessed/03_Pyriform_clean/masks/image_009_p.BMP,image_009_p.BMP,2,F1
/afs/crc.nd.edu/user/n/nsapkota/BIBM2023/data/HUSHEM/raw/02_Tapered/image_037_t.BMP,/afs/crc.nd.edu/user/n/nsapkota/BIBM2023/data/HUSHEM/preprocessed/02_Tapered_clean/head_only/image_037_t.BMP,/afs/crc.nd.edu/user/n/nsapkota/BIBM2023/data/HUSHEM/preprocessed/02_Tapered_clean/masks/image_037_t.BMP,image_037_t.BMP,1,F1
/afs/crc.nd.edu/user/n/nsapkota/BIBM2023/data/HUSHEM/raw/02_Tapered/image_032_t.BMP,/afs/crc.nd.edu/user/n/nsapkota/BIBM2023/data/HUSHEM/preprocessed/02_Tapered_clean/head_only/image_032_t.BMP,/afs/crc.nd.edu/user/n/nsapkota/BIBM2023/data/HUSHEM/preprocessed/02_Tapered_clean/masks/image_032_t.BMP,image_032_t.BMP,1,F1
/afs/crc.nd.edu/user/n/nsapkota/BIBM2023/data/HUSHEM/raw/03_Pyriform/image_038_p.BMP,/afs/crc.nd.edu/user/n/nsapkota/BIBM2023/data/HUSHEM/preprocessed/03_Pyriform_clean/head_only/image_038_p.BMP,/afs/crc.nd.edu/user/n/nsapkota/BIBM2023/data/HUSHEM/preprocessed/03_Pyriform_clean/masks/image_038_p.BMP,image_038_p.BMP,2,F5
/afs/crc.nd.edu/user/n/nsapkota/BIBM2023/data/HUSHEM/raw/01_Normal/image_037_n.BMP,/afs/crc.nd.edu/user/n/nsapkota/BIBM2023/data/HUSHEM/preprocessed/01_Normal_clean/head_only/image_037_n.BMP,/afs/crc.nd.edu/user/n/nsapkota/BIBM2023/data/HUSHEM/preprocessed/01_Normal_clean/masks/image_037_n.BMP,image_037_n.BMP,0,F2
/afs/crc.nd.edu/user/n/nsapkota/BIBM2023/data/HUSHEM/raw/03_Pyriform/image_016_p.BMP,/afs/crc.nd.edu/user/n/nsapkota/BIBM2023/data/HUSHEM/preprocessed/03_Pyriform_clean/head_only/image_016_p.BMP,/afs/crc.nd.edu/user/n/nsapkota/BIBM2023/data/HUSHEM/preprocessed/03_Pyriform_clean/masks/image_016_p.BMP,image_016_p.BMP,2,F3
/afs/crc.nd.edu/user/n/nsapkota/BIBM2023/data/HUSHEM/raw/02_Tapered/image_008_t.BMP,/afs/crc.nd.edu/user/n/nsapkota/BIBM2023/data/HUSHEM/preprocessed/02_Tapered_clean/head_only/image_008_t.BMP,/afs/crc.nd.edu/user/n/nsapkota/BIBM2023/data/HUSHEM/preprocessed/02_Tapered_clean/masks/image_008_t.BMP,image_008_t.BMP,1,F2
/afs/crc.nd.edu/user/n/nsapkota/BIBM2023/data/HUSHEM/raw/01_Normal/image_023_n.BMP,/afs/crc.nd.edu/user/n/nsapkota/BIBM2023/data/HUSHEM/preprocessed/01_Normal_clean/head_only/image_023_n.BMP,/afs/crc.nd.edu/user/n/nsapkota/BIBM2023/data/HUSHEM/preprocessed/01_Normal_clean/masks/image_023_n.BMP,image_023_n.BMP,0,F3
/afs/crc.nd.edu/user/n/nsapkota/BIBM2023/data/HUSHEM/raw/03_Pyriform/image_035_p.BMP,/afs/crc.nd.edu/user/n/nsapkota/BIBM2023/data/HUSHEM/preprocessed/03_Pyriform_clean/head_only/image_035_p.BMP,/afs/crc.nd.edu/user/n/nsapkota/BIBM2023/data/HUSHEM/preprocessed/03_Pyriform_clean/masks/image_035_p.BMP,image_035_p.BMP,2,F2
/afs/crc.nd.edu/user/n/nsapkota/BIBM2023/data/HUSHEM/raw/03_Pyriform/image_013_p.BMP,/afs/crc.nd.edu/user/n/nsapkota/BIBM2023/data/HUSHEM/preprocessed/03_Pyriform_clean/head_only/image_013_p.BMP,/afs/crc.nd.edu/user/n/nsapkota/BIBM2023/data/HUSHEM/preprocessed/03_Pyriform_clean/masks/image_013_p.BMP,image_013_p.BMP,2,F5
/afs/crc.nd.edu/user/n/nsapkota/BIBM2023/data/HUSHEM/raw/01_Normal/image_034_n.BMP,/afs/crc.nd.edu/user/n/nsapkota/BIBM2023/data/HUSHEM/preprocessed/01_Normal_clean/head_only/image_034_n.BMP,/afs/crc.nd.edu/user/n/nsapkota/BIBM2023/data/HUSHEM/preprocessed/01_Normal_clean/masks/image_034_n.BMP,image_034_n.BMP,0,F4
/afs/crc.nd.edu/user/n/nsapkota/BIBM2023/data/HUSHEM/raw/01_Normal/image_012_n.BMP,/afs/crc.nd.edu/user/n/nsapkota/BIBM2023/data/HUSHEM/preprocessed/01_Normal_clean/head_only/image_012_n.BMP,/afs/crc.nd.edu/user/n/nsapkota/BIBM2023/data/HUSHEM/preprocessed/01_Normal_clean/masks/image_012_n.BMP,image_012_n.BMP,0,F2
/afs/crc.nd.edu/user/n/nsapkota/BIBM2023/data/HUSHEM/raw/04_Amorphous/image_047_a.BMP,/afs/crc.nd.edu/user/n/nsapkota/BIBM2023/data/HUSHEM/preprocessed/04_Amorphous_clean/head_only/image_047_a.BMP,/afs/crc.nd.edu/user/n/nsapkota/BIBM2023/data/HUSHEM/preprocessed/04_Amorphous_clean/masks/image_047_a.BMP,image_047_a.BMP,3,F1
/afs/crc.nd.edu/user/n/nsapkota/BIBM2023/data/HUSHEM/raw/04_Amorphous/image_008_a.BMP,/afs/crc.nd.edu/user/n/nsapkota/BIBM2023/data/HUSHEM/preprocessed/04_Amorphous_clean/head_only/image_008_a.BMP,/afs/crc.nd.edu/user/n/nsapkota/BIBM2023/data/HUSHEM/preprocessed/04_Amorphous_clean/masks/image_008_a.BMP,image_008_a.BMP,3,F2
/afs/crc.nd.edu/user/n/nsapkota/BIBM2023/data/HUSHEM/raw/01_Normal/image_007_n.BMP,/afs/crc.nd.edu/user/n/nsapkota/BIBM2023/data/HUSHEM/preprocessed/01_Normal_clean/head_only/image_007_n.BMP,/afs/crc.nd.edu/user/n/nsapkota/BIBM2023/data/HUSHEM/preprocessed/01_Normal_clean/masks/image_007_n.BMP,image_007_n.BMP,0,F2
/afs/crc.nd.edu/user/n/nsapkota/BIBM2023/data/HUSHEM/raw/01_Normal/image_028_n.BMP,/afs/crc.nd.edu/user/n/nsapkota/BIBM2023/data/HUSHEM/preprocessed/01_Normal_clean/head_only/image_028_n.BMP,/afs/crc.nd.edu/user/n/nsapkota/BIBM2023/data/HUSHEM/preprocessed/01_Normal_clean/masks/image_028_n.BMP,image_028_n.BMP,0,F3
/afs/crc.nd.edu/user/n/nsapkota/BIBM2023/data/HUSHEM/raw/03_Pyriform/image_044_p.BMP,/afs/crc.nd.edu/user/n/nsapkota/BIBM2023/data/HUSHEM/preprocessed/03_Pyriform_clean/head_only/image_044_p.BMP,/afs/crc.nd.edu/user/n/nsapkota/BIBM2023/data/HUSHEM/preprocessed/03_Pyriform_clean/masks/image_044_p.BMP,image_044_p.BMP,2,F1
/afs/crc.nd.edu/user/n/nsapkota/BIBM2023/data/HUSHEM/raw/04_Amorphous/image_044_a.BMP,/afs/crc.nd.edu/user/n/nsapkota/BIBM2023/data/HUSHEM/preprocessed/04_Amorphous_clean/head_only/image_044_a.BMP,/afs/crc.nd.edu/user/n/nsapkota/BIBM2023/data/HUSHEM/preprocessed/04_Amorphous_clean/masks/image_044_a.BMP,image_044_a.BMP,3,F3
/afs/crc.nd.edu/user/n/nsapkota/BIBM2023/data/HUSHEM/raw/03_Pyriform/image_042_p.BMP,/afs/crc.nd.edu/user/n/nsapkota/BIBM2023/data/HUSHEM/preprocessed/03_Pyriform_clean/head_only/image_042_p.BMP,/afs/crc.nd.edu/user/n/nsapkota/BIBM2023/data/HUSHEM/preprocessed/03_Pyriform_clean/masks/image_042_p.BMP,image_042_p.BMP,2,F4
/afs/crc.nd.edu/user/n/nsapkota/BIBM2023/data/HUSHEM/raw/01_Normal/image_005_n.BMP,/afs/crc.nd.edu/user/n/nsapkota/BIBM2023/data/HUSHEM/preprocessed/01_Normal_clean/head_only/image_005_n.BMP,/afs/crc.nd.edu/user/n/nsapkota/BIBM2023/data/HUSHEM/preprocessed/01_Normal_clean/masks/image_005_n.BMP,image_005_n.BMP,0,F5
/afs/crc.nd.edu/user/n/nsapkota/BIBM2023/data/HUSHEM/raw/01_Normal/image_033_n.BMP,/afs/crc.nd.edu/user/n/nsapkota/BIBM2023/data/HUSHEM/preprocessed/01_Normal_clean/head_only/image_033_n.BMP,/afs/crc.nd.edu/user/n/nsapkota/BIBM2023/data/HUSHEM/preprocessed/01_Normal_clean/masks/image_033_n.BMP,image_033_n.BMP,0,F3
/afs/crc.nd.edu/user/n/nsapkota/BIBM2023/data/HUSHEM/raw/04_Amorphous/image_041_a.BMP,/afs/crc.nd.edu/user/n/nsapkota/BIBM2023/data/HUSHEM/preprocessed/04_Amorphous_clean/head_only/image_041_a.BMP,/afs/crc.nd.edu/user/n/nsapkota/BIBM2023/data/HUSHEM/preprocessed/04_Amorphous_clean/masks/image_041_a.BMP,image_041_a.BMP,3,F5
/afs/crc.nd.edu/user/n/nsapkota/BIBM2023/data/HUSHEM/raw/03_Pyriform/image_050_p.BMP,/afs/crc.nd.edu/user/n/nsapkota/BIBM2023/data/HUSHEM/preprocessed/03_Pyriform_clean/head_only/image_050_p.BMP,/afs/crc.nd.edu/user/n/nsapkota/BIBM2023/data/HUSHEM/preprocessed/03_Pyriform_clean/masks/image_050_p.BMP,image_050_p.BMP,2,F2
/afs/crc.nd.edu/user/n/nsapkota/BIBM2023/data/HUSHEM/raw/04_Amorphous/image_010_a.BMP,/afs/crc.nd.edu/user/n/nsapkota/BIBM2023/data/HUSHEM/preprocessed/04_Amorphous_clean/head_only/image_010_a.BMP,/afs/crc.nd.edu/user/n/nsapkota/BIBM2023/data/HUSHEM/preprocessed/04_Amorphous_clean/masks/image_010_a.BMP,image_010_a.BMP,3,F4
/afs/crc.nd.edu/user/n/nsapkota/BIBM2023/data/HUSHEM/raw/03_Pyriform/image_049_p.BMP,/afs/crc.nd.edu/user/n/nsapkota/BIBM2023/data/HUSHEM/preprocessed/03_Pyriform_clean/head_only/image_049_p.BMP,/afs/crc.nd.edu/user/n/nsapkota/BIBM2023/data/HUSHEM/preprocessed/03_Pyriform_clean/masks/image_049_p.BMP,image_049_p.BMP,2,F1
/afs/crc.nd.edu/user/n/nsapkota/BIBM2023/data/HUSHEM/raw/03_Pyriform/image_008_p.BMP,/afs/crc.nd.edu/user/n/nsapkota/BIBM2023/data/HUSHEM/preprocessed/03_Pyriform_clean/head_only/image_008_p.BMP,/afs/crc.nd.edu/user/n/nsapkota/BIBM2023/data/HUSHEM/preprocessed/03_Pyriform_clean/masks/image_008_p.BMP,image_008_p.BMP,2,F5
/afs/crc.nd.edu/user/n/nsapkota/BIBM2023/data/HUSHEM/raw/01_Normal/image_011_n.BMP,/afs/crc.nd.edu/user/n/nsapkota/BIBM2023/data/HUSHEM/preprocessed/01_Normal_clean/head_only/image_011_n.BMP,/afs/crc.nd.edu/user/n/nsapkota/BIBM2023/data/HUSHEM/preprocessed/01_Normal_clean/masks/image_011_n.BMP,image_011_n.BMP,0,F1
/afs/crc.nd.edu/user/n/nsapkota/BIBM2023/data/HUSHEM/raw/02_Tapered/image_009_t.BMP,/afs/crc.nd.edu/user/n/nsapkota/BIBM2023/data/HUSHEM/preprocessed/02_Tapered_clean/head_only/image_009_t.BMP,/afs/crc.nd.edu/user/n/nsapkota/BIBM2023/data/HUSHEM/preprocessed/02_Tapered_clean/masks/image_009_t.BMP,image_009_t.BMP,1,F3
/afs/crc.nd.edu/user/n/nsapkota/BIBM2023/data/HUSHEM/raw/03_Pyriform/image_020_p.BMP,/afs/crc.nd.edu/user/n/nsapkota/BIBM2023/data/HUSHEM/preprocessed/03_Pyriform_clean/head_only/image_020_p.BMP,/afs/crc.nd.edu/user/n/nsapkota/BIBM2023/data/HUSHEM/preprocessed/03_Pyriform_clean/masks/image_020_p.BMP,image_020_p.BMP,2,F2
/afs/crc.nd.edu/user/n/nsapkota/BIBM2023/data/HUSHEM/raw/04_Amorphous/image_030_a.BMP,/afs/crc.nd.edu/user/n/nsapkota/BIBM2023/data/HUSHEM/preprocessed/04_Amorphous_clean/head_only/image_030_a.BMP,/afs/crc.nd.edu/user/n/nsapkota/BIBM2023/data/HUSHEM/preprocessed/04_Amorphous_clean/masks/image_030_a.BMP,image_030_a.BMP,3,F4
/afs/crc.nd.edu/user/n/nsapkota/BIBM2023/data/HUSHEM/raw/04_Amorphous/image_015_a.BMP,/afs/crc.nd.edu/user/n/nsapkota/BIBM2023/data/HUSHEM/preprocessed/04_Amorphous_clean/head_only/image_015_a.BMP,/afs/crc.nd.edu/user/n/nsapkota/BIBM2023/data/HUSHEM/preprocessed/04_Amorphous_clean/masks/image_015_a.BMP,image_015_a.BMP,3,F4
/afs/crc.nd.edu/user/n/nsapkota/BIBM2023/data/HUSHEM/raw/01_Normal/image_001_n.BMP,/afs/crc.nd.edu/user/n/nsapkota/BIBM2023/data/HUSHEM/preprocessed/01_Normal_clean/head_only/image_001_n.BMP,/afs/crc.nd.edu/user/n/nsapkota/BIBM2023/data/HUSHEM/preprocessed/01_Normal_clean/masks/image_001_n.BMP,image_001_n.BMP,0,F1
/afs/crc.nd.edu/user/n/nsapkota/BIBM2023/data/HUSHEM/raw/04_Amorphous/image_031_a.BMP,/afs/crc.nd.edu/user/n/nsapkota/BIBM2023/data/HUSHEM/preprocessed/04_Amorphous_clean/head_only/image_031_a.BMP,/afs/crc.nd.edu/user/n/nsapkota/BIBM2023/data/HUSHEM/preprocessed/04_Amorphous_clean/masks/image_031_a.BMP,image_031_a.BMP,3,F5
/afs/crc.nd.edu/user/n/nsapkota/BIBM2023/data/HUSHEM/raw/04_Amorphous/image_001_a.BMP,/afs/crc.nd.edu/user/n/nsapkota/BIBM2023/data/HUSHEM/preprocessed/04_Amorphous_clean/head_only/image_001_a.BMP,/afs/crc.nd.edu/user/n/nsapkota/BIBM2023/data/HUSHEM/preprocessed/04_Amorphous_clean/masks/image_001_a.BMP,image_001_a.BMP,3,F5
/afs/crc.nd.edu/user/n/nsapkota/BIBM2023/data/HUSHEM/raw/02_Tapered/image_017_t.BMP,/afs/crc.nd.edu/user/n/nsapkota/BIBM2023/data/HUSHEM/preprocessed/02_Tapered_clean/head_only/image_017_t.BMP,/afs/crc.nd.edu/user/n/nsapkota/BIBM2023/data/HUSHEM/preprocessed/02_Tapered_clean/masks/image_017_t.BMP,image_017_t.BMP,1,F1
/afs/crc.nd.edu/user/n/nsapkota/BIBM2023/data/HUSHEM/raw/04_Amorphous/image_004_a.BMP,/afs/crc.nd.edu/user/n/nsapkota/BIBM2023/data/HUSHEM/preprocessed/04_Amorphous_clean/head_only/image_004_a.BMP,/afs/crc.nd.edu/user/n/nsapkota/BIBM2023/data/HUSHEM/preprocessed/04_Amorphous_clean/masks/image_004_a.BMP,image_004_a.BMP,3,F3
/afs/crc.nd.edu/user/n/nsapkota/BIBM2023/data/HUSHEM/raw/02_Tapered/image_011_t.BMP,/afs/crc.nd.edu/user/n/nsapkota/BIBM2023/data/HUSHEM/preprocessed/02_Tapered_clean/head_only/image_011_t.BMP,/afs/crc.nd.edu/user/n/nsapkota/BIBM2023/data/HUSHEM/preprocessed/02_Tapered_clean/masks/image_011_t.BMP,image_011_t.BMP,1,F5
/afs/crc.nd.edu/user/n/nsapkota/BIBM2023/data/HUSHEM/raw/01_Normal/image_045_n.BMP,/afs/crc.nd.edu/user/n/nsapkota/BIBM2023/data/HUSHEM/preprocessed/01_Normal_clean/head_only/image_045_n.BMP,/afs/crc.nd.edu/user/n/nsapkota/BIBM2023/data/HUSHEM/preprocessed/01_Normal_clean/masks/image_045_n.BMP,image_045_n.BMP,0,F5
/afs/crc.nd.edu/user/n/nsapkota/BIBM2023/data/HUSHEM/raw/03_Pyriform/image_034_p.BMP,/afs/crc.nd.edu/user/n/nsapkota/BIBM2023/data/HUSHEM/preprocessed/03_Pyriform_clean/head_only/image_034_p.BMP,/afs/crc.nd.edu/user/n/nsapkota/BIBM2023/data/HUSHEM/preprocessed/03_Pyriform_clean/masks/image_034_p.BMP,image_034_p.BMP,2,F1
/afs/crc.nd.edu/user/n/nsapkota/BIBM2023/data/HUSHEM/raw/01_Normal/image_041_n.BMP,/afs/crc.nd.edu/user/n/nsapkota/BIBM2023/data/HUSHEM/preprocessed/01_Normal_clean/head_only/image_041_n.BMP,/afs/crc.nd.edu/user/n/nsapkota/BIBM2023/data/HUSHEM/preprocessed/01_Normal_clean/masks/image_041_n.BMP,image_041_n.BMP,0,F1
/afs/crc.nd.edu/user/n/nsapkota/BIBM2023/data/HUSHEM/raw/03_Pyriform/image_017_p.BMP,/afs/crc.nd.edu/user/n/nsapkota/BIBM2023/data/HUSHEM/preprocessed/03_Pyriform_clean/head_only/image_017_p.BMP,/afs/crc.nd.edu/user/n/nsapkota/BIBM2023/data/HUSHEM/preprocessed/03_Pyriform_clean/masks/image_017_p.BMP,image_017_p.BMP,2,F4
/afs/crc.nd.edu/user/n/nsapkota/BIBM2023/data/HUSHEM/raw/01_Normal/image_024_n.BMP,/afs/crc.nd.edu/user/n/nsapkota/BIBM2023/data/HUSHEM/preprocessed/01_Normal_clean/head_only/image_024_n.BMP,/afs/crc.nd.edu/user/n/nsapkota/BIBM2023/data/HUSHEM/preprocessed/01_Normal_clean/masks/image_024_n.BMP,image_024_n.BMP,0,F4
/afs/crc.nd.edu/user/n/nsapkota/BIBM2023/data/HUSHEM/raw/03_Pyriform/image_056_p.BMP,/afs/crc.nd.edu/user/n/nsapkota/BIBM2023/data/HUSHEM/preprocessed/03_Pyriform_clean/head_only/image_056_p.BMP,/afs/crc.nd.edu/user/n/nsapkota/BIBM2023/data/HUSHEM/preprocessed/03_Pyriform_clean/masks/image_056_p.BMP,image_056_p.BMP,2,F3
/afs/crc.nd.edu/user/n/nsapkota/BIBM2023/data/HUSHEM/raw/03_Pyriform/image_052_p.BMP,/afs/crc.nd.edu/user/n/nsapkota/BIBM2023/data/HUSHEM/preprocessed/03_Pyriform_clean/head_only/image_052_p.BMP,/afs/crc.nd.edu/user/n/nsapkota/BIBM2023/data/HUSHEM/preprocessed/03_Pyriform_clean/masks/image_052_p.BMP,image_052_p.BMP,2,F4
/afs/crc.nd.edu/user/n/nsapkota/BIBM2023/data/HUSHEM/raw/02_Tapered/image_028_t.BMP,/afs/crc.nd.edu/user/n/nsapkota/BIBM2023/data/HUSHEM/preprocessed/02_Tapered_clean/head_only/image_028_t.BMP,/afs/crc.nd.edu/user/n/nsapkota/BIBM2023/data/HUSHEM/preprocessed/02_Tapered_clean/masks/image_028_t.BMP,image_028_t.BMP,1,F2
/afs/crc.nd.edu/user/n/nsapkota/BIBM2023/data/HUSHEM/raw/01_Normal/image_040_n.BMP,/afs/crc.nd.edu/user/n/nsapkota/BIBM2023/data/HUSHEM/preprocessed/01_Normal_clean/head_only/image_040_n.BMP,/afs/crc.nd.edu/user/n/nsapkota/BIBM2023/data/HUSHEM/preprocessed/01_Normal_clean/masks/image_040_n.BMP,image_040_n.BMP,0,F5
/afs/crc.nd.edu/user/n/nsapkota/BIBM2023/data/HUSHEM/raw/04_Amorphous/image_018_a.BMP,/afs/crc.nd.edu/user/n/nsapkota/BIBM2023/data/HUSHEM/preprocessed/04_Amorphous_clean/head_only/image_018_a.BMP,/afs/crc.nd.edu/user/n/nsapkota/BIBM2023/data/HUSHEM/preprocessed/04_Amorphous_clean/masks/image_018_a.BMP,image_018_a.BMP,3,F2
/afs/crc.nd.edu/user/n/nsapkota/BIBM2023/data/HUSHEM/raw/01_Normal/image_048_n.BMP,/afs/crc.nd.edu/user/n/nsapkota/BIBM2023/data/HUSHEM/preprocessed/01_Normal_clean/head_only/image_048_n.BMP,/afs/crc.nd.edu/user/n/nsapkota/BIBM2023/data/HUSHEM/preprocessed/01_Normal_clean/masks/image_048_n.BMP,image_048_n.BMP,0,F3
/afs/crc.nd.edu/user/n/nsapkota/BIBM2023/data/HUSHEM/raw/02_Tapered/image_041_t.BMP,/afs/crc.nd.edu/user/n/nsapkota/BIBM2023/data/HUSHEM/preprocessed/02_Tapered_clean/head_only/image_041_t.BMP,/afs/crc.nd.edu/user/n/nsapkota/BIBM2023/data/HUSHEM/preprocessed/02_Tapered_clean/masks/image_041_t.BMP,image_041_t.BMP,1,F5
/afs/crc.nd.edu/user/n/nsapkota/BIBM2023/data/HUSHEM/raw/04_Amorphous/image_002_a.BMP,/afs/crc.nd.edu/user/n/nsapkota/BIBM2023/data/HUSHEM/preprocessed/04_Amorphous_clean/head_only/image_002_a.BMP,/afs/crc.nd.edu/user/n/nsapkota/BIBM2023/data/HUSHEM/preprocessed/04_Amorphous_clean/masks/image_002_a.BMP,image_002_a.BMP,3,F1
/afs/crc.nd.edu/user/n/nsapkota/BIBM2023/data/HUSHEM/raw/01_Normal/image_044_n.BMP,/afs/crc.nd.edu/user/n/nsapkota/BIBM2023/data/HUSHEM/preprocessed/01_Normal_clean/head_only/image_044_n.BMP,/afs/crc.nd.edu/user/n/nsapkota/BIBM2023/data/HUSHEM/preprocessed/01_Normal_clean/masks/image_044_n.BMP,image_044_n.BMP,0,F4
/afs/crc.nd.edu/user/n/nsapkota/BIBM2023/data/HUSHEM/raw/03_Pyriform/image_039_p.BMP,/afs/crc.nd.edu/user/n/nsapkota/BIBM2023/data/HUSHEM/preprocessed/03_Pyriform_clean/head_only/image_039_p.BMP,/afs/crc.nd.edu/user/n/nsapkota/BIBM2023/data/HUSHEM/preprocessed/03_Pyriform_clean/masks/image_039_p.BMP,image_039_p.BMP,2,F1
/afs/crc.nd.edu/user/n/nsapkota/BIBM2023/data/HUSHEM/raw/04_Amorphous/image_034_a.BMP,/afs/crc.nd.edu/user/n/nsapkota/BIBM2023/data/HUSHEM/preprocessed/04_Amorphous_clean/head_only/image_034_a.BMP,/afs/crc.nd.edu/user/n/nsapkota/BIBM2023/data/HUSHEM/preprocessed/04_Amorphous_clean/masks/image_034_a.BMP,image_034_a.BMP,3,F3
/afs/crc.nd.edu/user/n/nsapkota/BIBM2023/data/HUSHEM/raw/01_Normal/image_004_n.BMP,/afs/crc.nd.edu/user/n/nsapkota/BIBM2023/data/HUSHEM/preprocessed/01_Normal_clean/head_only/image_004_n.BMP,/afs/crc.nd.edu/user/n/nsapkota/BIBM2023/data/HUSHEM/preprocessed/01_Normal_clean/masks/image_004_n.BMP,image_004_n.BMP,0,F4
/afs/crc.nd.edu/user/n/nsapkota/BIBM2023/data/HUSHEM/raw/02_Tapered/image_052_t.BMP,/afs/crc.nd.edu/user/n/nsapkota/BIBM2023/data/HUSHEM/preprocessed/02_Tapered_clean/head_only/image_052_t.BMP,/afs/crc.nd.edu/user/n/nsapkota/BIBM2023/data/HUSHEM/preprocessed/02_Tapered_clean/masks/image_052_t.BMP,image_052_t.BMP,1,F1
/afs/crc.nd.edu/user/n/nsapkota/BIBM2023/data/HUSHEM/raw/01_Normal/image_054_n.BMP,/afs/crc.nd.edu/user/n/nsapkota/BIBM2023/data/HUSHEM/preprocessed/01_Normal_clean/head_only/image_054_n.BMP,/afs/crc.nd.edu/user/n/nsapkota/BIBM2023/data/HUSHEM/preprocessed/01_Normal_clean/masks/image_054_n.BMP,image_054_n.BMP,0,F4
/afs/crc.nd.edu/user/n/nsapkota/BIBM2023/data/HUSHEM/raw/03_Pyriform/image_027_p.BMP,/afs/crc.nd.edu/user/n/nsapkota/BIBM2023/data/HUSHEM/preprocessed/03_Pyriform_clean/head_only/image_027_p.BMP,/afs/crc.nd.edu/user/n/nsapkota/BIBM2023/data/HUSHEM/preprocessed/03_Pyriform_clean/masks/image_027_p.BMP,image_027_p.BMP,2,F4
/afs/crc.nd.edu/user/n/nsapkota/BIBM2023/data/HUSHEM/raw/04_Amorphous/image_032_a.BMP,/afs/crc.nd.edu/user/n/nsapkota/BIBM2023/data/HUSHEM/preprocessed/04_Amorphous_clean/head_only/image_032_a.BMP,/afs/crc.nd.edu/user/n/nsapkota/BIBM2023/data/HUSHEM/preprocessed/04_Amorphous_clean/masks/image_032_a.BMP,image_032_a.BMP,3,F1
/afs/crc.nd.edu/user/n/nsapkota/BIBM2023/data/HUSHEM/raw/04_Amorphous/image_005_a.BMP,/afs/crc.nd.edu/user/n/nsapkota/BIBM2023/data/HUSHEM/preprocessed/04_Amorphous_clean/head_only/image_005_a.BMP,/afs/crc.nd.edu/user/n/nsapkota/BIBM2023/data/HUSHEM/preprocessed/04_Amorphous_clean/masks/image_005_a.BMP,image_005_a.BMP,3,F4
/afs/crc.nd.edu/user/n/nsapkota/BIBM2023/data/HUSHEM/raw/04_Amorphous/image_037_a.BMP,/afs/crc.nd.edu/user/n/nsapkota/BIBM2023/data/HUSHEM/preprocessed/04_Amorphous_clean/head_only/image_037_a.BMP,/afs/crc.nd.edu/user/n/nsapkota/BIBM2023/data/HUSHEM/preprocessed/04_Amorphous_clean/masks/image_037_a.BMP,image_037_a.BMP,3,F1
/afs/crc.nd.edu/user/n/nsapkota/BIBM2023/data/HUSHEM/raw/01_Normal/image_050_n.BMP,/afs/crc.nd.edu/user/n/nsapkota/BIBM2023/data/HUSHEM/preprocessed/01_Normal_clean/head_only/image_050_n.BMP,/afs/crc.nd.edu/user/n/nsapkota/BIBM2023/data/HUSHEM/preprocessed/01_Normal_clean/masks/image_050_n.BMP,image_050_n.BMP,0,F5
/afs/crc.nd.edu/user/n/nsapkota/BIBM2023/data/HUSHEM/raw/02_Tapered/image_027_t.BMP,/afs/crc.nd.edu/user/n/nsapkota/BIBM2023/data/HUSHEM/preprocessed/02_Tapered_clean/head_only/image_027_t.BMP,/afs/crc.nd.edu/user/n/nsapkota/BIBM2023/data/HUSHEM/preprocessed/02_Tapered_clean/masks/image_027_t.BMP,image_027_t.BMP,1,F1
/afs/crc.nd.edu/user/n/nsapkota/BIBM2023/data/HUSHEM/raw/01_Normal/image_035_n.BMP,/afs/crc.nd.edu/user/n/nsapkota/BIBM2023/data/HUSHEM/preprocessed/01_Normal_clean/head_only/image_035_n.BMP,/afs/crc.nd.edu/user/n/nsapkota/BIBM2023/data/HUSHEM/preprocessed/01_Normal_clean/masks/image_035_n.BMP,image_035_n.BMP,0,F5
/afs/crc.nd.edu/user/n/nsapkota/BIBM2023/data/HUSHEM/raw/01_Normal/image_008_n.BMP,/afs/crc.nd.edu/user/n/nsapkota/BIBM2023/data/HUSHEM/preprocessed/01_Normal_clean/head_only/image_008_n.BMP,/afs/crc.nd.edu/user/n/nsapkota/BIBM2023/data/HUSHEM/preprocessed/01_Normal_clean/masks/image_008_n.BMP,image_008_n.BMP,0,F3
/afs/crc.nd.edu/user/n/nsapkota/BIBM2023/data/HUSHEM/raw/03_Pyriform/image_004_p.BMP,/afs/crc.nd.edu/user/n/nsapkota/BIBM2023/data/HUSHEM/preprocessed/03_Pyriform_clean/head_only/image_004_p.BMP,/afs/crc.nd.edu/user/n/nsapkota/BIBM2023/data/HUSHEM/preprocessed/03_Pyriform_clean/masks/image_004_p.BMP,image_004_p.BMP,2,F1
/afs/crc.nd.edu/user/n/nsapkota/BIBM2023/data/HUSHEM/raw/02_Tapered/image_038_t.BMP,/afs/crc.nd.edu/user/n/nsapkota/BIBM2023/data/HUSHEM/preprocessed/02_Tapered_clean/head_only/image_038_t.BMP,/afs/crc.nd.edu/user/n/nsapkota/BIBM2023/data/HUSHEM/preprocessed/02_Tapered_clean/masks/image_038_t.BMP,image_038_t.BMP,1,F2
/afs/crc.nd.edu/user/n/nsapkota/BIBM2023/data/HUSHEM/raw/02_Tapered/image_030_t.BMP,/afs/crc.nd.edu/user/n/nsapkota/BIBM2023/data/HUSHEM/preprocessed/02_Tapered_clean/head_only/image_030_t.BMP,/afs/crc.nd.edu/user/n/nsapkota/BIBM2023/data/HUSHEM/preprocessed/02_Tapered_clean/masks/image_030_t.BMP,image_030_t.BMP,1,F4
/afs/crc.nd.edu/user/n/nsapkota/BIBM2023/data/HUSHEM/raw/04_Amorphous/image_028_a.BMP,/afs/crc.nd.edu/user/n/nsapkota/BIBM2023/data/HUSHEM/preprocessed/04_Amorphous_clean/head_only/image_028_a.BMP,/afs/crc.nd.edu/user/n/nsapkota/BIBM2023/data/HUSHEM/preprocessed/04_Amorphous_clean/masks/image_028_a.BMP,image_028_a.BMP,3,F2
/afs/crc.nd.edu/user/n/nsapkota/BIBM2023/data/HUSHEM/raw/04_Amorphous/image_033_a.BMP,/afs/crc.nd.edu/user/n/nsapkota/BIBM2023/data/HUSHEM/preprocessed/04_Amorphous_clean/head_only/image_033_a.BMP,/afs/crc.nd.edu/user/n/nsapkota/BIBM2023/data/HUSHEM/preprocessed/04_Amorphous_clean/masks/image_033_a.BMP,image_033_a.BMP,3,F2
/afs/crc.nd.edu/user/n/nsapkota/BIBM2023/data/HUSHEM/raw/02_Tapered/image_036_t.BMP,/afs/crc.nd.edu/user/n/nsapkota/BIBM2023/data/HUSHEM/preprocessed/02_Tapered_clean/head_only/image_036_t.BMP,/afs/crc.nd.edu/user/n/nsapkota/BIBM2023/data/HUSHEM/preprocessed/02_Tapered_clean/masks/image_036_t.BMP,image_036_t.BMP,1,F5
/afs/crc.nd.edu/user/n/nsapkota/BIBM2023/data/HUSHEM/raw/01_Normal/image_009_n.BMP,/afs/crc.nd.edu/user/n/nsapkota/BIBM2023/data/HUSHEM/preprocessed/01_Normal_clean/head_only/image_009_n.BMP,/afs/crc.nd.edu/user/n/nsapkota/BIBM2023/data/HUSHEM/preprocessed/01_Normal_clean/masks/image_009_n.BMP,image_009_n.BMP,0,F4
/afs/crc.nd.edu/user/n/nsapkota/BIBM2023/data/HUSHEM/raw/01_Normal/image_014_n.BMP,/afs/crc.nd.edu/user/n/nsapkota/BIBM2023/data/HUSHEM/preprocessed/01_Normal_clean/head_only/image_014_n.BMP,/afs/crc.nd.edu/user/n/nsapkota/BIBM2023/data/HUSHEM/preprocessed/01_Normal_clean/masks/image_014_n.BMP,image_014_n.BMP,0,F4
/afs/crc.nd.edu/user/n/nsapkota/BIBM2023/data/HUSHEM/raw/02_Tapered/image_006_t.BMP,/afs/crc.nd.edu/user/n/nsapkota/BIBM2023/data/HUSHEM/preprocessed/02_Tapered_clean/head_only/image_006_t.BMP,/afs/crc.nd.edu/user/n/nsapkota/BIBM2023/data/HUSHEM/preprocessed/02_Tapered_clean/masks/image_006_t.BMP,image_006_t.BMP,1,F5
/afs/crc.nd.edu/user/n/nsapkota/BIBM2023/data/HUSHEM/raw/04_Amorphous/image_022_a.BMP,/afs/crc.nd.edu/user/n/nsapkota/BIBM2023/data/HUSHEM/preprocessed/04_Amorphous_clean/head_only/image_022_a.BMP,/afs/crc.nd.edu/user/n/nsapkota/BIBM2023/data/HUSHEM/preprocessed/04_Amorphous_clean/masks/image_022_a.BMP,image_022_a.BMP,3,F1
/afs/crc.nd.edu/user/n/nsapkota/BIBM2023/data/HUSHEM/raw/03_Pyriform/image_025_p.BMP,/afs/crc.nd.edu/user/n/nsapkota/BIBM2023/data/HUSHEM/preprocessed/03_Pyriform_clean/head_only/image_025_p.BMP,/afs/crc.nd.edu/user/n/nsapkota/BIBM2023/data/HUSHEM/preprocessed/03_Pyriform_clean/masks/image_025_p.BMP,image_025_p.BMP,2,F2
/afs/crc.nd.edu/user/n/nsapkota/BIBM2023/data/HUSHEM/raw/01_Normal/image_018_n.BMP,/afs/crc.nd.edu/user/n/nsapkota/BIBM2023/data/HUSHEM/preprocessed/01_Normal_clean/head_only/image_018_n.BMP,/afs/crc.nd.edu/user/n/nsapkota/BIBM2023/data/HUSHEM/preprocessed/01_Normal_clean/masks/image_018_n.BMP,image_018_n.BMP,0,F3
/afs/crc.nd.edu/user/n/nsapkota/BIBM2023/data/HUSHEM/raw/04_Amorphous/image_003_a.BMP,/afs/crc.nd.edu/user/n/nsapkota/BIBM2023/data/HUSHEM/preprocessed/04_Amorphous_clean/head_only/image_003_a.BMP,/afs/crc.nd.edu/user/n/nsapkota/BIBM2023/data/HUSHEM/preprocessed/04_Amorphous_clean/masks/image_003_a.BMP,image_003_a.BMP,3,F2
/afs/crc.nd.edu/user/n/nsapkota/BIBM2023/data/HUSHEM/raw/02_Tapered/image_019_t.BMP,/afs/crc.nd.edu/user/n/nsapkota/BIBM2023/data/HUSHEM/preprocessed/02_Tapered_clean/head_only/image_019_t.BMP,/afs/crc.nd.edu/user/n/nsapkota/BIBM2023/data/HUSHEM/preprocessed/02_Tapered_clean/masks/image_019_t.BMP,image_019_t.BMP,1,F3
/afs/crc.nd.edu/user/n/nsapkota/BIBM2023/data/HUSHEM/raw/04_Amorphous/image_026_a.BMP,/afs/crc.nd.edu/user/n/nsapkota/BIBM2023/data/HUSHEM/preprocessed/04_Amorphous_clean/head_only/image_026_a.BMP,/afs/crc.nd.edu/user/n/nsapkota/BIBM2023/data/HUSHEM/preprocessed/04_Amorphous_clean/masks/image_026_a.BMP,image_026_a.BMP,3,F5
/afs/crc.nd.edu/user/n/nsapkota/BIBM2023/data/HUSHEM/raw/03_Pyriform/image_028_p.BMP,/afs/crc.nd.edu/user/n/nsapkota/BIBM2023/data/HUSHEM/preprocessed/03_Pyriform_clean/head_only/image_028_p.BMP,/afs/crc.nd.edu/user/n/nsapkota/BIBM2023/data/HUSHEM/preprocessed/03_Pyriform_clean/masks/image_028_p.BMP,image_028_p.BMP,2,F5
/afs/crc.nd.edu/user/n/nsapkota/BIBM2023/data/HUSHEM/raw/04_Amorphous/image_051_a.BMP,/afs/crc.nd.edu/user/n/nsapkota/BIBM2023/data/HUSHEM/preprocessed/04_Amorphous_clean/head_only/image_051_a.BMP,/afs/crc.nd.edu/user/n/nsapkota/BIBM2023/data/HUSHEM/preprocessed/04_Amorphous_clean/masks/image_051_a.BMP,image_051_a.BMP,3,F5
/afs/crc.nd.edu/user/n/nsapkota/BIBM2023/data/HUSHEM/raw/04_Amorphous/image_035_a.BMP,/afs/crc.nd.edu/user/n/nsapkota/BIBM2023/data/HUSHEM/preprocessed/04_Amorphous_clean/head_only/image_035_a.BMP,/afs/crc.nd.edu/user/n/nsapkota/BIBM2023/data/HUSHEM/preprocessed/04_Amorphous_clean/masks/image_035_a.BMP,image_035_a.BMP,3,F4
/afs/crc.nd.edu/user/n/nsapkota/BIBM2023/data/HUSHEM/raw/02_Tapered/image_010_t.BMP,/afs/crc.nd.edu/user/n/nsapkota/BIBM2023/data/HUSHEM/preprocessed/02_Tapered_clean/head_only/image_010_t.BMP,/afs/crc.nd.edu/user/n/nsapkota/BIBM2023/data/HUSHEM/preprocessed/02_Tapered_clean/masks/image_010_t.BMP,image_010_t.BMP,1,F4
/afs/crc.nd.edu/user/n/nsapkota/BIBM2023/data/HUSHEM/raw/02_Tapered/image_001_t.BMP,/afs/crc.nd.edu/user/n/nsapkota/BIBM2023/data/HUSHEM/preprocessed/02_Tapered_clean/head_only/image_001_t.BMP,/afs/crc.nd.edu/user/n/nsapkota/BIBM2023/data/HUSHEM/preprocessed/02_Tapered_clean/masks/image_001_t.BMP,image_001_t.BMP,1,F5
/afs/crc.nd.edu/user/n/nsapkota/BIBM2023/data/HUSHEM/raw/03_Pyriform/image_001_p.BMP,/afs/crc.nd.edu/user/n/nsapkota/BIBM2023/data/HUSHEM/preprocessed/03_Pyriform_clean/head_only/image_001_p.BMP,/afs/crc.nd.edu/user/n/nsapkota/BIBM2023/data/HUSHEM/preprocessed/03_Pyriform_clean/masks/image_001_p.BMP,image_001_p.BMP,2,F3
/afs/crc.nd.edu/user/n/nsapkota/BIBM2023/data/HUSHEM/raw/01_Normal/image_051_n.BMP,/afs/crc.nd.edu/user/n/nsapkota/BIBM2023/data/HUSHEM/preprocessed/01_Normal_clean/head_only/image_051_n.BMP,/afs/crc.nd.edu/user/n/nsapkota/BIBM2023/data/HUSHEM/preprocessed/01_Normal_clean/masks/image_051_n.BMP,image_051_n.BMP,0,F1
/afs/crc.nd.edu/user/n/nsapkota/BIBM2023/data/HUSHEM/raw/04_Amorphous/image_011_a.BMP,/afs/crc.nd.edu/user/n/nsapkota/BIBM2023/data/HUSHEM/preprocessed/04_Amorphous_clean/head_only/image_011_a.BMP,/afs/crc.nd.edu/user/n/nsapkota/BIBM2023/data/HUSHEM/preprocessed/04_Amorphous_clean/masks/image_011_a.BMP,image_011_a.BMP,3,F5
/afs/crc.nd.edu/user/n/nsapkota/BIBM2023/data/HUSHEM/raw/04_Amorphous/image_049_a.BMP,/afs/crc.nd.edu/user/n/nsapkota/BIBM2023/data/HUSHEM/preprocessed/04_Amorphous_clean/head_only/image_049_a.BMP,/afs/crc.nd.edu/user/n/nsapkota/BIBM2023/data/HUSHEM/preprocessed/04_Amorphous_clean/masks/image_049_a.BMP,image_049_a.BMP,3,F3
/afs/crc.nd.edu/user/n/nsapkota/BIBM2023/data/HUSHEM/raw/04_Amorphous/image_006_a.BMP,/afs/crc.nd.edu/user/n/nsapkota/BIBM2023/data/HUSHEM/preprocessed/04_Amorphous_clean/head_only/image_006_a.BMP,/afs/crc.nd.edu/user/n/nsapkota/BIBM2023/data/HUSHEM/preprocessed/04_Amorphous_clean/masks/image_006_a.BMP,image_006_a.BMP,3,F5
/afs/crc.nd.edu/user/n/nsapkota/BIBM2023/data/HUSHEM/raw/02_Tapered/image_005_t.BMP,/afs/crc.nd.edu/user/n/nsapkota/BIBM2023/data/HUSHEM/preprocessed/02_Tapered_clean/head_only/image_005_t.BMP,/afs/crc.nd.edu/user/n/nsapkota/BIBM2023/data/HUSHEM/preprocessed/02_Tapered_clean/masks/image_005_t.BMP,image_005_t.BMP,1,F4
/afs/crc.nd.edu/user/n/nsapkota/BIBM2023/data/HUSHEM/raw/01_Normal/image_049_n.BMP,/afs/crc.nd.edu/user/n/nsapkota/BIBM2023/data/HUSHEM/preprocessed/01_Normal_clean/head_only/image_049_n.BMP,/afs/crc.nd.edu/user/n/nsapkota/BIBM2023/data/HUSHEM/preprocessed/01_Normal_clean/masks/image_049_n.BMP,image_049_n.BMP,0,F4
/afs/crc.nd.edu/user/n/nsapkota/BIBM2023/data/HUSHEM/raw/02_Tapered/image_035_t.BMP,/afs/crc.nd.edu/user/n/nsapkota/BIBM2023/data/HUSHEM/preprocessed/02_Tapered_clean/head_only/image_035_t.BMP,/afs/crc.nd.edu/user/n/nsapkota/BIBM2023/data/HUSHEM/preprocessed/02_Tapered_clean/masks/image_035_t.BMP,image_035_t.BMP,1,F4
/afs/crc.nd.edu/user/n/nsapkota/BIBM2023/data/HUSHEM/raw/01_Normal/image_022_n.BMP,/afs/crc.nd.edu/user/n/nsapkota/BIBM2023/data/HUSHEM/preprocessed/01_Normal_clean/head_only/image_022_n.BMP,/afs/crc.nd.edu/user/n/nsapkota/BIBM2023/data/HUSHEM/preprocessed/01_Normal_clean/masks/image_022_n.BMP,image_022_n.BMP,0,F2
/afs/crc.nd.edu/user/n/nsapkota/BIBM2023/data/HUSHEM/raw/02_Tapered/image_004_t.BMP,/afs/crc.nd.edu/user/n/nsapkota/BIBM2023/data/HUSHEM/preprocessed/02_Tapered_clean/head_only/image_004_t.BMP,/afs/crc.nd.edu/user/n/nsapkota/BIBM2023/data/HUSHEM/preprocessed/02_Tapered_clean/masks/image_004_t.BMP,image_004_t.BMP,1,F3
/afs/crc.nd.edu/user/n/nsapkota/BIBM2023/data/HUSHEM/raw/03_Pyriform/image_054_p.BMP,/afs/crc.nd.edu/user/n/nsapkota/BIBM2023/data/HUSHEM/preprocessed/03_Pyriform_clean/head_only/image_054_p.BMP,/afs/crc.nd.edu/user/n/nsapkota/BIBM2023/data/HUSHEM/preprocessed/03_Pyriform_clean/masks/image_054_p.BMP,image_054_p.BMP,2,F1
/afs/crc.nd.edu/user/n/nsapkota/BIBM2023/data/HUSHEM/raw/04_Amorphous/image_045_a.BMP,/afs/crc.nd.edu/user/n/nsapkota/BIBM2023/data/HUSHEM/preprocessed/04_Amorphous_clean/head_only/image_045_a.BMP,/afs/crc.nd.edu/user/n/nsapkota/BIBM2023/data/HUSHEM/preprocessed/04_Amorphous_clean/masks/image_045_a.BMP,image_045_a.BMP,3,F4
/afs/crc.nd.edu/user/n/nsapkota/BIBM2023/data/HUSHEM/raw/04_Amorphous/image_024_a.BMP,/afs/crc.nd.edu/user/n/nsapkota/BIBM2023/data/HUSHEM/preprocessed/04_Amorphous_clean/head_only/image_024_a.BMP,/afs/crc.nd.edu/user/n/nsapkota/BIBM2023/data/HUSHEM/preprocessed/04_Amorphous_clean/masks/image_024_a.BMP,image_024_a.BMP,3,F3
/afs/crc.nd.edu/user/n/nsapkota/BIBM2023/data/HUSHEM/raw/03_Pyriform/image_023_p.BMP,/afs/crc.nd.edu/user/n/nsapkota/BIBM2023/data/HUSHEM/preprocessed/03_Pyriform_clean/head_only/image_023_p.BMP,/afs/crc.nd.edu/user/n/nsapkota/BIBM2023/data/HUSHEM/preprocessed/03_Pyriform_clean/masks/image_023_p.BMP,image_023_p.BMP,2,F5
/afs/crc.nd.edu/user/n/nsapkota/BIBM2023/data/HUSHEM/raw/01_Normal/image_038_n.BMP,/afs/crc.nd.edu/user/n/nsapkota/BIBM2023/data/HUSHEM/preprocessed/01_Normal_clean/head_only/image_038_n.BMP,/afs/crc.nd.edu/user/n/nsapkota/BIBM2023/data/HUSHEM/preprocessed/01_Normal_clean/masks/image_038_n.BMP,image_038_n.BMP,0,F3
/afs/crc.nd.edu/user/n/nsapkota/BIBM2023/data/HUSHEM/raw/03_Pyriform/image_051_p.BMP,/afs/crc.nd.edu/user/n/nsapkota/BIBM2023/data/HUSHEM/preprocessed/03_Pyriform_clean/head_only/image_051_p.BMP,/afs/crc.nd.edu/user/n/nsapkota/BIBM2023/data/HUSHEM/preprocessed/03_Pyriform_clean/masks/image_051_p.BMP,image_051_p.BMP,2,F3
/afs/crc.nd.edu/user/n/nsapkota/BIBM2023/data/HUSHEM/raw/04_Amorphous/image_040_a.BMP,/afs/crc.nd.edu/user/n/nsapkota/BIBM2023/data/HUSHEM/preprocessed/04_Amorphous_clean/head_only/image_040_a.BMP,/afs/crc.nd.edu/user/n/nsapkota/BIBM2023/data/HUSHEM/preprocessed/04_Amorphous_clean/masks/image_040_a.BMP,image_040_a.BMP,3,F4
/afs/crc.nd.edu/user/n/nsapkota/BIBM2023/data/HUSHEM/raw/01_Normal/image_002_n.BMP,/afs/crc.nd.edu/user/n/nsapkota/BIBM2023/data/HUSHEM/preprocessed/01_Normal_clean/head_only/image_002_n.BMP,/afs/crc.nd.edu/user/n/nsapkota/BIBM2023/data/HUSHEM/preprocessed/01_Normal_clean/masks/image_002_n.BMP,image_002_n.BMP,0,F2
/afs/crc.nd.edu/user/n/nsapkota/BIBM2023/data/HUSHEM/raw/01_Normal/image_053_n.BMP,/afs/crc.nd.edu/user/n/nsapkota/BIBM2023/data/HUSHEM/preprocessed/01_Normal_clean/head_only/image_053_n.BMP,/afs/crc.nd.edu/user/n/nsapkota/BIBM2023/data/HUSHEM/preprocessed/01_Normal_clean/masks/image_053_n.BMP,image_053_n.BMP,0,F3
/afs/crc.nd.edu/user/n/nsapkota/BIBM2023/data/HUSHEM/raw/03_Pyriform/image_043_p.BMP,/afs/crc.nd.edu/user/n/nsapkota/BIBM2023/data/HUSHEM/preprocessed/03_Pyriform_clean/head_only/image_043_p.BMP,/afs/crc.nd.edu/user/n/nsapkota/BIBM2023/data/HUSHEM/preprocessed/03_Pyriform_clean/masks/image_043_p.BMP,image_043_p.BMP,2,F5
/afs/crc.nd.edu/user/n/nsapkota/BIBM2023/data/HUSHEM/raw/03_Pyriform/image_024_p.BMP,/afs/crc.nd.edu/user/n/nsapkota/BIBM2023/data/HUSHEM/preprocessed/03_Pyriform_clean/head_only/image_024_p.BMP,/afs/crc.nd.edu/user/n/nsapkota/BIBM2023/data/HUSHEM/preprocessed/03_Pyriform_clean/masks/image_024_p.BMP,image_024_p.BMP,2,F1
/afs/crc.nd.edu/user/n/nsapkota/BIBM2023/data/HUSHEM/raw/03_Pyriform/image_045_p.BMP,/afs/crc.nd.edu/user/n/nsapkota/BIBM2023/data/HUSHEM/preprocessed/03_Pyriform_clean/head_only/image_045_p.BMP,/afs/crc.nd.edu/user/n/nsapkota/BIBM2023/data/HUSHEM/preprocessed/03_Pyriform_clean/masks/image_045_p.BMP,image_045_p.BMP,2,F2
/afs/crc.nd.edu/user/n/nsapkota/BIBM2023/data/HUSHEM/raw/02_Tapered/image_050_t.BMP,/afs/crc.nd.edu/user/n/nsapkota/BIBM2023/data/HUSHEM/preprocessed/02_Tapered_clean/head_only/image_050_t.BMP,/afs/crc.nd.edu/user/n/nsapkota/BIBM2023/data/HUSHEM/preprocessed/02_Tapered_clean/masks/image_050_t.BMP,image_050_t.BMP,1,F4
/afs/crc.nd.edu/user/n/nsapkota/BIBM2023/data/HUSHEM/raw/02_Tapered/image_046_t.BMP,/afs/crc.nd.edu/user/n/nsapkota/BIBM2023/data/HUSHEM/preprocessed/02_Tapered_clean/head_only/image_046_t.BMP,/afs/crc.nd.edu/user/n/nsapkota/BIBM2023/data/HUSHEM/preprocessed/02_Tapered_clean/masks/image_046_t.BMP,image_046_t.BMP,1,F5
/afs/crc.nd.edu/user/n/nsapkota/BIBM2023/data/HUSHEM/raw/03_Pyriform/image_010_p.BMP,/afs/crc.nd.edu/user/n/nsapkota/BIBM2023/data/HUSHEM/preprocessed/03_Pyriform_clean/head_only/image_010_p.BMP,/afs/crc.nd.edu/user/n/nsapkota/BIBM2023/data/HUSHEM/preprocessed/03_Pyriform_clean/masks/image_010_p.BMP,image_010_p.BMP,2,F2
/afs/crc.nd.edu/user/n/nsapkota/BIBM2023/data/HUSHEM/raw/02_Tapered/image_034_t.BMP,/afs/crc.nd.edu/user/n/nsapkota/BIBM2023/data/HUSHEM/preprocessed/02_Tapered_clean/head_only/image_034_t.BMP,/afs/crc.nd.edu/user/n/nsapkota/BIBM2023/data/HUSHEM/preprocessed/02_Tapered_clean/masks/image_034_t.BMP,image_034_t.BMP,1,F3
/afs/crc.nd.edu/user/n/nsapkota/BIBM2023/data/HUSHEM/raw/04_Amorphous/image_039_a.BMP,/afs/crc.nd.edu/user/n/nsapkota/BIBM2023/data/HUSHEM/preprocessed/04_Amorphous_clean/head_only/image_039_a.BMP,/afs/crc.nd.edu/user/n/nsapkota/BIBM2023/data/HUSHEM/preprocessed/04_Amorphous_clean/masks/image_039_a.BMP,image_039_a.BMP,3,F3
/afs/crc.nd.edu/user/n/nsapkota/BIBM2023/data/HUSHEM/raw/02_Tapered/image_021_t.BMP,/afs/crc.nd.edu/user/n/nsapkota/BIBM2023/data/HUSHEM/preprocessed/02_Tapered_clean/head_only/image_021_t.BMP,/afs/crc.nd.edu/user/n/nsapkota/BIBM2023/data/HUSHEM/preprocessed/02_Tapered_clean/masks/image_021_t.BMP,image_021_t.BMP,1,F5
/afs/crc.nd.edu/user/n/nsapkota/BIBM2023/data/HUSHEM/raw/03_Pyriform/image_015_p.BMP,/afs/crc.nd.edu/user/n/nsapkota/BIBM2023/data/HUSHEM/preprocessed/03_Pyriform_clean/head_only/image_015_p.BMP,/afs/crc.nd.edu/user/n/nsapkota/BIBM2023/data/HUSHEM/preprocessed/03_Pyriform_clean/masks/image_015_p.BMP,image_015_p.BMP,2,F2
/afs/crc.nd.edu/user/n/nsapkota/BIBM2023/data/HUSHEM/raw/04_Amorphous/image_052_a.BMP,/afs/crc.nd.edu/user/n/nsapkota/BIBM2023/data/HUSHEM/preprocessed/04_Amorphous_clean/head_only/image_052_a.BMP,/afs/crc.nd.edu/user/n/nsapkota/BIBM2023/data/HUSHEM/preprocessed/04_Amorphous_clean/masks/image_052_a.BMP,image_052_a.BMP,3,F1
/afs/crc.nd.edu/user/n/nsapkota/BIBM2023/data/HUSHEM/raw/01_Normal/image_021_n.BMP,/afs/crc.nd.edu/user/n/nsapkota/BIBM2023/data/HUSHEM/preprocessed/01_Normal_clean/head_only/image_021_n.BMP,/afs/crc.nd.edu/user/n/nsapkota/BIBM2023/data/HUSHEM/preprocessed/01_Normal_clean/masks/image_021_n.BMP,image_021_n.BMP,0,F1
/afs/crc.nd.edu/user/n/nsapkota/BIBM2023/data/HUSHEM/raw/04_Amorphous/image_025_a.BMP,/afs/crc.nd.edu/user/n/nsapkota/BIBM2023/data/HUSHEM/preprocessed/04_Amorphous_clean/head_only/image_025_a.BMP,/afs/crc.nd.edu/user/n/nsapkota/BIBM2023/data/HUSHEM/preprocessed/04_Amorphous_clean/masks/image_025_a.BMP,image_025_a.BMP,3,F4
/afs/crc.nd.edu/user/n/nsapkota/BIBM2023/data/HUSHEM/raw/02_Tapered/image_018_t.BMP,/afs/crc.nd.edu/user/n/nsapkota/BIBM2023/data/HUSHEM/preprocessed/02_Tapered_clean/head_only/image_018_t.BMP,/afs/crc.nd.edu/user/n/nsapkota/BIBM2023/data/HUSHEM/preprocessed/02_Tapered_clean/masks/image_018_t.BMP,image_018_t.BMP,1,F2
/afs/crc.nd.edu/user/n/nsapkota/BIBM2023/data/HUSHEM/raw/02_Tapered/image_053_t.BMP,/afs/crc.nd.edu/user/n/nsapkota/BIBM2023/data/HUSHEM/preprocessed/02_Tapered_clean/head_only/image_053_t.BMP,/afs/crc.nd.edu/user/n/nsapkota/BIBM2023/data/HUSHEM/preprocessed/02_Tapered_clean/masks/image_053_t.BMP,image_053_t.BMP,1,F2
/afs/crc.nd.edu/user/n/nsapkota/BIBM2023/data/HUSHEM/raw/01_Normal/image_015_n.BMP,/afs/crc.nd.edu/user/n/nsapkota/BIBM2023/data/HUSHEM/preprocessed/01_Normal_clean/head_only/image_015_n.BMP,/afs/crc.nd.edu/user/n/nsapkota/BIBM2023/data/HUSHEM/preprocessed/01_Normal_clean/masks/image_015_n.BMP,image_015_n.BMP,0,F5
/afs/crc.nd.edu/user/n/nsapkota/BIBM2023/data/HUSHEM/raw/02_Tapered/image_039_t.BMP,/afs/crc.nd.edu/user/n/nsapkota/BIBM2023/data/HUSHEM/preprocessed/02_Tapered_clean/head_only/image_039_t.BMP,/afs/crc.nd.edu/user/n/nsapkota/BIBM2023/data/HUSHEM/preprocessed/02_Tapered_clean/masks/image_039_t.BMP,image_039_t.BMP,1,F3
/afs/crc.nd.edu/user/n/nsapkota/BIBM2023/data/HUSHEM/raw/04_Amorphous/image_016_a.BMP,/afs/crc.nd.edu/user/n/nsapkota/BIBM2023/data/HUSHEM/preprocessed/04_Amorphous_clean/head_only/image_016_a.BMP,/afs/crc.nd.edu/user/n/nsapkota/BIBM2023/data/HUSHEM/preprocessed/04_Amorphous_clean/masks/image_016_a.BMP,image_016_a.BMP,3,F5
/afs/crc.nd.edu/user/n/nsapkota/BIBM2023/data/HUSHEM/raw/02_Tapered/image_049_t.BMP,/afs/crc.nd.edu/user/n/nsapkota/BIBM2023/data/HUSHEM/preprocessed/02_Tapered_clean/head_only/image_049_t.BMP,/afs/crc.nd.edu/user/n/nsapkota/BIBM2023/data/HUSHEM/preprocessed/02_Tapered_clean/masks/image_049_t.BMP,image_049_t.BMP,1,F3
